Unique_ID,Similarity_Score
0,0.2821250704635747
1,0.6363210495837628
2,0.6438735351182099
3,0.9196985219992496
4,0.7207622074590742
5,0.6858592276929226
6,0.45931834280109785
7,0.8967584683774421
8,0.6494996722687244
9,0.8988644708476967
10,0.42406839728956147
11,0.7153775656902719
12,0.5851900436799573
13,0.8893358115239405
14,0.7082087864846932
15,0.5854292040415189
16,0.7948487825602957
17,0.6942636855397627
18,0.8727631485918476
19,0.8390987044142653
20,0.35799564932982975
21,0.7194430941557637
22,0.740995927771091
23,0.35750143530686385
24,0.7186567638301282
25,0.7537428461033084
26,0.7684700052395336
27,0.8612828216279319
28,0.6934826019831867
29,0.6522410172839865
30,0.2953151103304923
31,-0.020023073639334976
32,0.8758383910592592
33,0.8383953974259661
34,0.38368876268875085
35,0.5931103995818587
36,0.8645655985896165
37,0.6471622162021816
38,0.32874005043585663
39,0.6294646426927941
40,0.5327843227830724
41,0.6232777306052794
42,0.6643082215260344
43,0.823548343762371
44,0.8518388607647206
45,0.868335588934559
46,0.7838101500901136
47,0.3347809036590227
48,0.8011806479237488
49,0.7573716789199363
50,0.7861481381542029
51,0.5635379078350787
52,0.3626103160639038
53,0.36878933534516956
54,0.8036774781607455
55,0.8715535179764466
56,0.8620225283305488
57,0.5453893871570906
58,0.821501057667995
59,0.43044306698968327
60,0.7885622433895129
61,0.806316857464732
62,0.39473136809741316
63,0.2777511121508952
64,0.21681564439440515
65,0.2648510776427586
66,0.5878508555330547
67,0.3991334743563981
68,0.8914920612944024
69,0.749706376156547
70,0.6945087561193766
71,0.5059229430713403
72,0.39981920977757024
73,0.6694169218622217
74,0.1984879293679751
75,0.3338006833299242
76,0.410102632393446
77,0.6110979363987603
78,0.6723156954016434
79,0.6271782232226741
80,0.546065747286286
81,0.3517475928035265
82,0.736147603295019
83,0.3120257129463804
84,0.3101649406335204
85,0.2684073202689857
86,0.6872620392315242
87,0.8995229511352855
88,0.9026892157233632
89,0.8221430550552565
90,0.5960521173218669
91,0.36618303094391536
92,0.5832079225794617
93,0.8269541482728786
94,0.8276339020332627
95,0.6217355910930237
96,0.6782351957135533
97,0.5569165353440322
98,0.5669963305772117
99,0.8656745739851801
100,0.29470043774011667
101,0.2980971104790382
102,0.5951804349538476
103,0.7627593965191815
104,0.6399512799505634
105,0.7183415482758567
106,0.7874528142195042
107,0.3178450333020957
108,0.23210238986160703
109,0.35834362353635774
110,0.6335476282030106
111,0.5194828574901337
112,0.49098203061911005
113,0.5877755953058846
114,0.6880714711086056
115,0.8561698065082312
116,0.6609402401818758
117,0.31103758327844067
118,0.5812318211185227
119,0.8835689324360385
120,0.5848032020234489
121,0.7129701714224215
122,0.7752644300572966
123,0.49677801316834524
124,0.6554028718369066
125,0.24495687722583204
126,0.8342307027332709
127,0.6408703169246845
128,0.5457547489909734
129,0.4946370963102994
130,0.7793507029323804
131,0.7838694751022299
132,0.7522688749150369
133,0.5264034694567473
134,0.29553413797658235
135,0.830486346714048
136,0.54755949012239
137,0.3399210561945034
138,0.783757667613498
139,0.4692602340048744
140,0.4691205515729482
141,0.8242795884749607
142,0.2817045971609491
143,0.46854621756988335
144,0.8211172497436615
145,0.4320093872715559
146,0.8490794962465793
147,0.8078603593041903
148,0.7208578544151821
149,0.4159676769591032
150,0.6612806746551865
151,0.3457958922976938
152,0.5364774114193426
153,0.5984208571698548
154,0.5908481977199388
155,0.8200428184514329
156,0.8347121494135183
157,0.7495678441865773
158,0.5229177962483726
159,0.9014646908582341
160,0.4843512808463344
161,0.9386363983706172
162,0.3499752548271331
163,0.5730644018372675
164,0.4354538054563598
165,0.7225549756316308
166,0.4968523371148599
167,0.5398894171037736
168,0.7795493079356716
169,0.85099272275075
170,0.498463029872414
171,0.24526006720782634
172,0.2825061833582967
173,0.5777966467200728
174,0.12002132570252977
175,0.8697642140586321
176,0.8152779869483155
177,0.8865732393915303
178,0.40537213528667626
179,0.8820868696280753
180,0.15093136967347942
181,0.9066755288838948
182,0.778791909234935
183,0.6044297657213094
184,0.4713948782210813
185,0.72557776449224
186,0.3872543610479211
187,0.2477297066789912
188,0.628272277449281
189,0.7234768456246153
190,0.8423314784428177
191,0.6410140369858743
192,0.23245993409808752
193,0.6979783313790817
194,0.6074859835601506
195,0.36309705987791807
196,0.8298707940047313
197,0.5786935106952773
198,0.7640453125987825
199,0.8263460615669411
200,0.7261773540970996
201,0.4515047100797489
202,0.3944813494401822
203,0.43140361816606876
204,0.54261030108078
205,0.6812240092008689
206,0.773413360461026
207,0.8782498724769051
208,0.3596072736319792
209,0.7309804210871963
210,0.06906488046182402
211,0.6230034999637092
212,0.20633222132220586
213,0.6642901296959208
214,0.48791188642676797
215,0.37051095308246285
216,0.4115859665292516
217,0.7495142844768934
218,0.5800485992310899
219,0.6911286717927554
220,0.7007628243326133
221,0.7946217141198533
222,0.6497969507388488
223,0.599638289780131
224,0.5655660565246287
225,0.6161971861061225
226,0.3867248658428901
227,0.5575539345912573
228,0.7596865879647542
229,0.03716313543749494
230,0.5795325873206584
231,0.8388310571052623
232,0.40816949558575466
233,0.5882527694667001
234,0.8458263720180358
235,0.7334860666063074
236,0.7843044452422259
237,0.6632694919826226
238,0.6659627190219705
239,0.7840889406908994
240,0.7871484786327175
241,0.6483806399165792
242,0.537067401770337
243,0.452486796078335
244,0.7902684939279212
245,0.8679618951531195
246,0.7300332421498615
247,0.6717935069157608
248,0.7264045820496476
249,0.4249966312045843
250,0.7734310423191323
251,0.5621673501910665
252,0.39015319320203434
253,0.15517959433735828
254,0.8018375251432248
255,0.6297051253473162
256,0.42833378311484593
257,0.2773709416244532
258,0.4000338496706517
259,0.5296724519408356
260,0.39545132774220204
261,0.777959741566909
262,0.807556074482604
263,0.7207445457659993
264,0.9154267375176571
265,0.60328028372851
266,0.6312969397468993
267,0.6598528698940903
268,0.8550088864862612
269,0.45588756586800794
270,0.9368602316875808
271,0.35014269521828933
272,0.8823395614041308
273,0.5407809053244665
274,0.9660355574707156
275,0.7943180197088441
276,0.4493145274213082
277,0.39870083357908104
278,0.7670537184122346
279,0.6678819180981306
280,0.7326465180289732
281,0.6377916425491579
282,0.47684705388380466
283,0.19518156325581748
284,0.9678937886897995
285,0.5393590572618873
286,0.6803420695587927
287,0.4130587223174642
288,0.7153983340128972
289,0.3085037201249472
290,0.5049964942200237
291,0.8642338539019291
292,0.6924216426446449
293,0.26955761390341215
294,0.7815032131919455
295,0.7741928765342456
296,0.44052193934552397
297,0.906716453584113
298,0.8177523993186913
299,0.8752206486140637
300,0.34149764205676425
301,0.8142719851281602
302,0.7690551088144647
303,0.8056806432273645
304,0.7813075316629412
305,0.8317804840530358
306,0.42811481558275455
307,0.7734243400117402
308,0.22071752529210653
309,0.1876935705293078
310,0.6879229220767435
311,0.8033088247228399
312,0.461177942540399
313,0.8366598451448419
314,0.8803027048462273
315,0.27561847715578436
316,0.34789871789280524
317,0.44214884410455046
318,0.7196407066893784
319,0.9224804178581487
320,0.3683516437466383
321,0.7671682662176503
322,0.8319292625199756
323,0.35707522981046513
324,0.6516005544738706
325,0.0983609966571235
326,0.7876927902195517
327,0.8064754227465472
328,0.8861736494629687
329,0.927223074888386
330,0.23996765539018416
331,0.2944750169868282
332,0.28526543439239793
333,0.8523519024712366
334,0.6844060976552772
335,0.576027649523859
336,0.730805359846409
337,0.7822819917601261
338,0.5950424700592488
339,0.2843977513010806
340,0.5247369735358086
341,0.19476612386642433
342,0.3364499659262108
343,0.44140789554115667
344,0.8202659534626665
345,0.736646638835187
346,0.6522423464992242
347,0.4123772918299202
348,0.3714924273612398
349,0.3447750800397317
350,0.42680091475329984
351,0.7809707467753926
352,0.55692402685818
353,0.7126588546412105
354,0.7105088056081588
355,0.17599432809176818
356,0.5798535733056073
357,0.6685057551772629
358,0.173057493749605
359,0.2921336127160694
360,0.43610695470646654
361,0.9064233303046839
362,0.7240198029410253
363,0.6269629518617316
364,0.25787632730250465
365,0.5640368847072746
366,0.790578915242872
367,0.25120272759707696
368,0.6522791677471399
369,0.3303888742898935
370,0.8040185496082234
371,0.7492770815086438
372,0.756513539523546
373,0.3525027630588148
374,0.2434890844416564
375,0.6523574824082539
376,0.34592548993823047
377,0.8515760850877203
378,0.4602054247785019
379,0.7905362645884801
380,0.8403798342793425
381,0.6317054408621143
382,0.4491280414384544
383,0.6027416909697366
384,0.6894061404426354
385,0.7344349077453203
386,0.3768502662116734
387,0.6715449230604549
388,0.20908949033361246
389,0.42975619482027616
390,0.7940692590301077
391,0.856340998305359
392,0.8535526353552402
393,0.5150340204895985
394,0.5966662160307983
395,0.37024646263940797
396,0.41569170642927666
397,0.1784410931276138
398,0.7432155359465253
399,0.7138740898994018
400,0.8066328516894381
401,0.7519206604104078
402,0.5640928582508714
403,0.2233786564050757
404,0.3735862791083179
405,0.9236519971545667
406,0.3562174602919215
407,0.801811249833151
408,0.8545159156455708
409,0.7649285892650941
410,0.5010918416997922
411,0.8229836881152591
412,0.6736433000195665
413,0.5438150992818227
414,0.41396855402213595
415,0.7751951127633245
416,0.4095267450327714
417,0.03031156892240494
418,0.48751423254946624
419,0.49909353341597074
420,0.5548080776450836
421,0.5176982063537049
422,0.527560427229952
423,0.9062663419430432
424,0.7595563630433826
425,0.06259473973430663
426,0.6340165612352017
427,0.40376712833920925
428,0.7622863425433093
429,0.8068946015218136
430,0.44047731008841073
431,0.35479468122484614
432,0.35899358412323856
433,0.774867413096201
434,0.8427681294243192
435,0.3893676831606603
436,0.8699264009568315
437,0.6914205416225755
438,0.6634204704284222
439,0.10549407131024391
440,0.4402122684970744
441,0.7486529015531275
442,0.9301452197821207
443,0.3608623746457642
444,0.5346291230974918
445,0.3116982551226417
446,0.7926544445718965
447,0.5820056285069539
448,0.4677169521584017
449,0.8283464715846318
450,0.7720987193923785
451,0.7441582421524053
452,0.6188786495986545
453,0.7842441820100606
454,0.7930297359842767
455,0.32696265223828447
456,0.34515877951041396
457,0.43911317574541686
458,0.5194540458393364
459,0.811464292428236
460,0.7711269765932227
461,0.7805343470989353
462,0.8781141265422726
463,0.8369539404028471
464,0.6418101944517104
465,0.4714081481269117
466,0.6158453357124047
467,0.3114636806168478
468,0.25073539850491977
469,0.8197624138528825
470,0.7806743372724646
471,0.35783367464029325
472,0.9351042558181812
473,0.7622402332475028
474,0.629761924164181
475,0.7365105156035202
476,0.2551115529029586
477,0.8250618018029425
478,0.2866513450501649
479,0.29469708233972136
480,0.353609095361775
481,0.7040124662297289
482,0.18118640001068842
483,0.7207246093349953
484,0.20661944586542125
485,0.8215475327434761
486,0.4733459022683314
487,0.765253180434099
488,0.7197250824191751
489,0.5923682686096645
490,0.24597650676741156
491,0.5484188909608589
492,0.2707801017470939
493,0.7463447742626833
494,0.7104456854228288
495,0.7940431294659918
496,0.5704293854895524
497,0.2755994822928751
498,0.3047126526016719
499,0.7854878174589215
500,0.49694667427146744
501,0.8506228492224529
502,0.826309910425725
503,0.8790419197071717
504,0.3829776841863798
505,0.3101346594677509
506,0.22506766990976212
507,0.39943409317282863
508,0.8361221233505856
509,0.8370224985895871
510,0.3665550066352432
511,0.6565741370537455
512,0.9105240630554681
513,0.21145170333844243
514,0.7633874350899472
515,0.5403605784777347
516,0.8328490062445412
517,0.458103257970256
518,0.8540481894731833
519,0.35549238804755967
520,0.17431485847637584
521,0.6018831259704728
522,0.8094914321998825
523,0.7962915778686875
524,0.7829467568914659
525,0.7898177745734631
526,0.8312155717862811
527,0.8430695590041996
528,0.11464717438399763
529,0.6449987658407091
530,0.5123405483650028
531,0.7481602486231324
532,0.5454639575835977
533,0.6217891385138978
534,0.8838606005636008
535,0.9371523967757563
536,0.4840115359506999
537,0.5514370721215033
538,0.8113196444281905
539,0.7718543107840022
540,0.8863226697739134
541,0.2971770210340383
542,0.8060324669185047
543,0.42005024099398214
544,0.8171633275448411
545,0.8142484892958403
546,0.7347149424781247
547,0.5601887710882437
548,0.43196845315110133
549,0.8167729940528459
550,0.31794424300087387
551,0.8653505452235626
552,0.5445574820796818
553,0.7364340966856089
554,0.8387231317073677
555,0.9072565160782506
556,0.7514453714304624
557,0.7608306734062384
558,0.7956034424649008
559,0.514583175290254
560,0.2502582191897681
561,0.18695797637209055
562,0.8084175413370679
563,0.4359604551011982
564,0.20568301856887428
565,0.15343780341674385
566,0.4222364949809677
567,0.8403717623092887
568,0.7366808107316478
569,0.14881246271680593
570,0.48498617216158013
571,0.7380674371242436
572,0.7896357272535008
573,0.3317071634849569
574,0.4627070695088513
575,0.8254288830462903
576,0.7764762434695633
577,0.23711371058234876
578,0.40656228950840645
579,0.7451122941123896
580,0.5711872401307502
581,0.8428443026044266
582,0.27000173307388087
583,0.7940301930885901
584,0.4425043271610878
585,0.9061636711333909
586,0.849833977175725
587,0.3899425310024659
588,0.42599372618944575
589,0.74487070430414
590,0.6897160600029483
591,0.3674714268961857
592,0.5864146253694341
593,0.5080113511602908
594,0.6414973230567673
595,0.6334332906932646
596,0.8206490872327249
597,0.33998446895354617
598,0.8403413468618618
599,0.6108638932012034
600,0.8650076821782935
601,0.4940577373850974
602,0.9086483397934142
603,0.9133144365607166
604,0.37387603503340383
605,0.4403424884593796
606,0.27068153549996277
607,0.8293549333852462
608,0.5888702069888299
609,0.8134018984602894
610,0.3274410926776792
611,0.294442063680719
612,0.6329640296037291
613,0.7797660655759123
614,0.7684875017867809
615,0.7513795444557372
616,0.3109110981715454
617,0.7290842061887984
618,0.9117221396958038
619,0.6768895533367583
620,0.6800277606564488
621,0.4389609505442643
622,0.8829837145399653
623,0.4999696695299356
624,0.3242108218565103
625,0.5389276650028941
626,0.5686340826579158
627,0.8421055281817483
628,0.8783784372782221
629,0.3043342995649416
630,0.29508032289987396
631,0.5156413437911211
632,0.6592281060710778
633,0.868497261482258
634,0.7419092483722936
635,0.6264587612334476
636,0.6734661362166449
637,0.46056611102004164
638,0.8056893885898628
639,0.5045506195771434
640,0.5387321736502086
641,0.5327031184749571
642,0.8356771899166109
643,0.8158298958563776
644,0.3247722672973674
645,0.3043576718604204
646,0.177600084545812
647,0.5955082691828012
648,0.48243592629134846
649,0.8890557271251757
650,0.20374438411005658
651,0.5269710358574766
652,0.7670473159354081
653,0.6141033686105196
654,0.5223694573726279
655,0.4292616012096657
656,0.7395199409924468
657,0.5017726595663673
658,0.2322428991847192
659,0.7566630638785908
660,0.7616972960023112
661,0.7329423987857713
662,0.3029978982990119
663,0.799439406750813
664,0.7690306179458202
665,0.7567642709982205
666,0.39238921307545527
667,0.7234915778352463
668,0.06350086641699637
669,0.8586953581121494
670,0.8534853433881265
671,0.7589943518469603
672,0.5439600472774134
673,0.3455658455774644
674,0.4627027129118073
675,0.31392220370176904
676,0.43131311780378545
677,0.7139764659252158
678,0.7780003360680353
679,0.2511139967872683
680,0.9037317710218017
681,0.7368458193126235
682,0.8960493247998913
683,0.3329900483719659
684,0.5683676499857776
685,0.6634005359667274
686,0.4523837304362883
687,0.6326911830810751
688,0.643670355618371
689,0.6869203591724811
690,0.3971105055730202
691,0.7563640950942505
692,0.6572291147656069
693,0.35231199630396426
694,0.8996568221968575
695,0.901050138791782
696,0.863250951549623
697,0.6939426320107688
698,0.698489606889912
699,0.28952480552464177
700,0.2662580191183088
701,0.7531814390639832
702,0.33115959883250734
703,0.7882391849292101
704,0.10942225922951909
705,0.5364190677859978
706,0.736830689942123
707,0.24723060936441188
708,0.8015193333332516
709,0.2802213896654715
710,0.25506469632049666
711,0.8558377616783895
712,0.03538305651176332
713,0.7016128821511886
714,0.612036003572753
715,0.5750903816635293
716,0.6819879434376855
717,0.7875826488699406
718,0.8076041777507478
719,0.922699804847801
720,0.8113837372970738
721,0.6980782168408213
722,0.5025919904942749
723,0.2366960359749748
724,0.725223036068478
725,0.5053680683778371
726,0.28604286692528436
727,0.6678402979204835
728,0.7026703838593031
729,0.548405889148355
730,0.7221032942076743
731,0.5302577800009025
732,0.6346999802708224
733,0.41625036436644103
734,0.5560163635889358
735,0.671280393518666
736,0.5847872010782705
737,0.490095474249152
738,0.8166695336778754
739,0.6696185511896199
740,0.8103234595731452
741,0.16279507060124465
742,0.15693660323037295
743,0.8453829027303786
744,0.5410935645092192
745,0.14225951359325317
746,0.5821325831306544
747,0.6651762519684357
748,0.8401455593904752
749,0.5185958621333541
750,0.7771819750742153
751,0.14525731365294448
752,0.151875789063168
753,0.8621759873967029
754,0.4351273451196199
755,0.8149089265382863
756,0.7781720256691254
757,0.3997789529486865
758,0.35636824858498795
759,0.6300798108455692
760,0.8535712150825661
761,0.487349003389257
762,0.5605040298944232
763,-0.06137084244667834
764,0.15493255808617756
765,0.8634013923077197
766,0.4558406657604197
767,0.5502742661247259
768,0.7531979498269384
769,0.542090916927406
770,0.579480432036082
771,0.7669522761421311
772,0.5765886806402888
773,0.5295077227719048
774,0.7706622013663277
775,0.2429938773336744
776,0.7440506196856007
777,0.44720203154777005
778,0.45753215098283717
779,0.6984029556254013
780,0.5273504826771286
781,0.28967135854967907
782,0.7543375086867625
783,0.6675769594294662
784,0.5941705401538354
785,0.8685447404870226
786,0.8003326020218233
787,0.5223716760142414
788,0.8209833890611936
789,0.8586284703232762
790,0.14162263238063533
791,0.5596620766699942
792,0.2253007870085777
793,0.7977305563003515
794,0.36652496800128853
795,0.9581936747347627
796,0.7150859304168713
797,0.41724113916728056
798,0.43134950814615314
799,0.814428156349861
800,0.224290668361102
801,0.8434603294294514
802,0.26380134862159177
803,0.8953706559023
804,0.8144110963127109
805,0.7048083283754648
806,0.8235275417785963
807,0.4466172384494944
808,0.8311322162742565
809,0.40294845448069005
810,0.6776892738088572
811,0.7720830961976907
812,0.3460964677775642
813,0.7852171774570146
814,0.274468965097169
815,0.6547381313362239
816,0.5976927549655164
817,0.867202579419863
818,0.7438519278464493
819,0.47201644999334824
820,0.8018094129062086
821,0.3648016534210994
822,0.7808831284868293
823,0.011345942578085744
824,0.6276725974141709
825,0.8699894043416442
826,0.3331815328886105
827,0.5723901282178537
828,0.5579102056766472
829,0.7926189739227504
830,0.49208754707262703
831,0.20037174396887902
832,0.5162459417229114
833,0.5942965478976895
834,0.5507099677260346
835,0.6701226139443908
836,0.6882022553867302
837,0.35744156719351394
838,0.12838623960171125
839,0.4037890545764967
840,0.38173647432276736
841,0.8090744784915275
842,0.7291662232759462
843,0.4767648213521827
844,0.8672343896272406
845,0.6813880872270306
846,0.4599928227898782
847,0.67728777096802
848,0.8106516493991762
849,0.4270905049730568
850,0.850933041613717
851,0.8120736351350091
852,0.813526656802118
853,0.4721547259613732
854,0.29989282055380184
855,0.28796339231230017
856,0.2864326705803979
857,0.3228118889512559
858,0.5922898392138588
859,0.7783745451253038
860,0.33672212272396407
861,0.5108307562517255
862,0.6037067394553493
863,0.9002426779970009
864,0.5601262040459193
865,0.4650394704919667
866,0.22469859751688404
867,0.8666414146299547
868,0.32360266229515866
869,0.8317336969475507
870,0.5485855524613958
871,0.24215658435349452
872,0.849958945790294
873,0.7891950930061967
874,0.6603376875691799
875,0.810900638206362
876,0.829576107444204
877,0.27101581309201694
878,0.23134932975033784
879,0.8510993798378693
880,0.7370836303645242
881,0.6430305784212019
882,0.3295690096018187
883,0.6477166562368102
884,0.4829331491073734
885,0.7471026241210492
886,0.5425344767150994
887,0.17592829039012325
888,0.8362807080065566
889,0.6650727883339032
890,0.520542685817781
891,0.6669721299283781
892,0.2738212698971776
893,0.7011471397064835
894,0.6941555337070294
895,0.6337269700389412
896,0.6534536111184042
897,0.796969181618769
898,0.5916030111334056
899,0.19747289379094135
900,0.6114619469755606
901,0.8853226344065159
902,0.385970360901712
903,0.14434676028716675
904,0.36763240854640467
905,0.40953696814068885
906,0.5104833492032061
907,0.40691797611527636
908,0.7594394525179312
909,0.5079429101391241
910,0.4041333584300413
911,0.7176017481659605
912,0.3921699781794563
913,0.18659979689891637
914,0.8977662704085204
915,0.763641484767456
916,0.6041002026973491
917,0.8508654410019648
918,0.3834100371266955
919,0.47828523526362265
920,0.8477711171433658
921,0.2837795842913462
922,0.7877117110231955
923,0.8967864835817403
924,0.35180422830784175
925,0.4180239828756239
926,0.5381476339578992
927,0.6752686707470608
928,0.7325670300458837
929,0.5058806871544235
930,0.6259485401923646
931,0.6637601906548334
932,0.7357012978330288
933,0.6670992657553332
934,0.8439287778301119
935,0.5002412294392065
936,0.4752468918857804
937,0.7332338927611572
938,0.6325244114918464
939,0.33589691384385545
940,0.24380448649096031
941,0.4207007892233642
942,0.870814818444077
943,0.702897890062575
944,0.8618112841456764
945,0.10239632006289268
946,0.7274597513304829
947,0.30144465402420106
948,0.5076862803887178
949,0.5746081112271383
950,0.7930731874332372
951,0.7408758583409994
952,0.5844811588301061
953,0.5399307834966777
954,0.5734680607929228
955,0.7764263402298551
956,0.7165156720088773
957,0.8775467932772092
958,0.501402411562927
959,0.5284957278674715
960,0.31927226628297245
961,0.2924032248995757
962,0.6102521772599584
963,0.11831770866032565
964,0.8620171836527529
965,0.5609550358947053
966,0.630464903659744
967,0.6848780765266345
968,0.8520845636503355
969,0.7353780017751651
970,0.37317289535265563
971,0.8293421723653314
972,0.3181284854417854
973,0.4558590463914638
974,0.7245834365810222
975,0.691248154249951
976,0.28846185058394447
977,0.6536434884557124
978,0.4680825568054996
979,0.891945228001531
980,0.4700131977470444
981,0.9170246077592951
982,0.8558241991978793
983,0.1111457837071681
984,0.6451049756264842
985,0.7991269796295122
986,0.7177504376877156
987,0.5799621335215437
988,0.3232646154629526
989,0.7305279117012187
990,0.27987034880008754
991,0.8542562975485126
992,0.9084984822666932
993,0.8223486729591405
994,0.30066866958025207
995,0.4848073702509408
996,0.2645868970486951
997,0.9137648986709278
998,0.5036887405986913
999,0.6846838946904062
1000,0.6461523556428317
1001,0.42057948310959703
1002,0.47431528589065475
1003,0.6036123374553494
1004,0.7585375276135109
1005,0.6468185892193924
1006,0.8047948703797222
1007,0.8237662843498647
1008,0.7102834562765092
1009,0.8971685040563778
1010,0.3446545821961282
1011,0.48816234944003756
1012,0.43355646895251154
1013,0.8424321727896869
1014,0.8750998607520344
1015,0.7560181912102852
1016,0.4720744040204775
1017,0.3608088687271711
1018,0.39790229635062435
1019,0.8240543829681415
1020,0.8078016596479572
1021,0.8412773201171421
1022,0.4414131825732017
1023,0.433170284776741
1024,0.40369061263819384
1025,0.4201823760499732
1026,0.9208683090894756
1027,0.28328775811356033
1028,0.4067627211854292
1029,0.16965576988510123
1030,0.8157439785140566
1031,0.2926407411816363
1032,0.31675133455432003
1033,0.5488283868530754
1034,0.49483946555642533
1035,0.5352012878780937
1036,0.648896976850842
1037,0.8460822612617535
1038,0.852410365501182
1039,0.7932274479409464
1040,0.38962405981775294
1041,0.4772334247249619
1042,0.540923506789625
1043,0.28139081703725954
1044,0.7172719380201087
1045,0.7018861395180537
1046,0.6463629156209566
1047,0.7577181758576447
1048,0.13184606008194566
1049,0.6944791970856813
1050,0.15723243384145524
1051,0.6109106021279549
1052,0.17152146698578363
1053,0.6878426097786231
1054,0.6891840224418615
1055,0.8818726614177758
1056,0.6093800383094721
1057,0.6508366004513506
1058,0.4350742500346818
1059,0.5218933673006082
1060,0.3514165401084577
1061,0.6962624391823591
1062,0.5865352515829301
1063,0.7690485280069841
1064,0.607637671181699
1065,0.6483640539504819
1066,0.673095732160004
1067,0.7553058852763918
1068,0.8543853354244225
1069,0.8827201283331138
1070,0.549418699765833
1071,0.41674107245328396
1072,0.6042484184950085
1073,0.546822734668359
1074,0.5696397100982171
1075,0.5154541150528135
1076,0.5378914935282845
1077,0.3641095462298729
1078,0.8098568693422638
1079,0.7096962860575085
1080,0.34428589580637414
1081,0.5634322931952768
1082,0.6638640563938654
1083,0.631136647974413
1084,0.7991158754329183
1085,0.7930547179160338
1086,0.483771640590982
1087,0.402767228300692
1088,0.43081579566558137
1089,0.7609420195241489
1090,0.5614582779924415
1091,0.11393605142836727
1092,0.746336696475056
1093,0.7622783970491481
1094,0.8623754555169489
1095,0.2562737314143626
1096,0.6477028556728588
1097,0.456687917277265
1098,0.6960626213269276
1099,0.6147975395434963
1100,0.7014905517787636
1101,0.801387948200348
1102,0.7393283353499284
1103,0.8858623489037153
1104,0.6868251120782495
1105,0.7721733241243607
1106,0.2919911868583984
1107,0.8416967476576789
1108,0.859196788718197
1109,0.410616337953542
1110,0.4361125906589899
1111,0.6368033091078498
1112,0.8416069421866307
1113,0.7710068318254133
1114,0.8278266774337758
1115,0.44217993548202816
1116,0.8642307377244823
1117,0.9106377592482416
1118,0.9247212065547654
1119,0.6332909202390453
1120,0.7719702499929914
1121,0.7907504872156697
1122,0.45293979666808737
1123,0.7834625080101542
1124,0.6370341176578719
1125,0.8154158889602747
1126,0.6885955432957966
1127,0.5907645791629238
1128,0.3132134464531493
1129,0.6066403823177943
1130,0.810628509327756
1131,0.4718454717404863
1132,0.9528110236022937
1133,0.8145536186933269
1134,0.43176686501267325
1135,0.44993386526755264
1136,0.792882851807021
1137,0.8543064752215628
1138,0.43449641175652987
1139,0.2847422828506978
1140,0.7266862887388901
1141,0.3920514343498367
1142,0.8871676278127745
1143,0.5171440298584483
1144,0.6044965821460887
1145,0.8105566386316907
1146,0.8474482922137591
1147,0.38007729500027354
1148,0.5694154697512677
1149,0.7653789877577019
1150,0.8537573458624503
1151,0.8724125597024966
1152,0.8322606437111021
1153,0.5790850317073094
1154,0.6065924866729909
1155,0.4893839384174532
1156,0.6748801990330405
1157,0.8103313928553836
1158,0.4806586750279689
1159,0.42641411069557544
1160,0.16616516450077257
1161,0.5189001906372297
1162,0.8133372950795492
1163,0.7950620877826307
1164,0.26688540364258717
1165,0.5496135880421043
1166,0.12254534747831525
1167,0.7814378103964578
1168,0.5845191509240955
1169,0.3827723001811998
1170,0.5666904315509872
1171,0.3046484336302292
1172,0.20182584396979286
1173,0.4106452290811854
1174,0.6670781493312198
1175,0.6014207849215129
1176,0.5014681877959758
1177,0.25078500605709286
1178,0.8582991564593547
1179,0.8428592262107125
1180,0.8597507662697382
1181,0.5699037056553937
1182,0.5540710674116871
1183,0.8533969376271316
1184,0.7785260638184165
1185,0.7313078394675575
1186,0.8457344675257212
1187,0.8092892044432638
1188,0.22881346014208548
1189,0.1004559144545829
1190,0.5700471901344696
1191,0.2814293817790883
1192,0.6503423527328646
1193,0.6986247789032991
1194,0.807576709761159
1195,0.8153752052782516
1196,0.5306688610747718
1197,0.7402359520375505
1198,0.5004569174936573
1199,0.7452266301947894
1200,0.42819875009908115
1201,0.7439293772901612
1202,0.6552089611502369
1203,0.5784328120437245
1204,0.5738719309334942
1205,0.8108742286338232
1206,0.5346438651830968
1207,0.6467538351084271
1208,0.1435779082798484
1209,0.5609865743664838
1210,0.4477386856728893
1211,0.7915019275098856
1212,0.7861576483533416
1213,0.917554123691504
1214,0.44777463638119697
1215,0.6290030518001065
1216,0.567213040631217
1217,0.777656414240314
1218,0.4542571067409614
1219,0.8534475358744464
1220,0.4275593012421056
1221,0.28542570284572877
1222,0.3965297136062196
1223,0.7253654381698497
1224,0.6584946868681666
1225,0.7964149021802104
1226,0.3002360121023515
1227,0.5107358926964044
1228,0.4202903689587596
1229,0.8106414747878852
1230,0.8347699560318318
1231,0.5970460191583951
1232,0.3070813331260571
1233,0.4576977378605289
1234,0.5140632180965474
1235,0.7691271330880837
1236,0.8381830927600677
1237,0.204608822303745
1238,0.5750335724052249
1239,0.8504017640498063
1240,0.6771017400038709
1241,0.7124731400526583
1242,0.8296787150550353
1243,0.37260840616901214
1244,0.6916058176780598
1245,0.741516370751304
1246,0.8437100114483592
1247,0.6751437334915893
1248,0.25698777246970317
1249,0.7627926613237016
1250,0.5503010826580903
1251,0.826184804790314
1252,0.9305659896051813
1253,0.4965710820206072
1254,0.43678893816692255
1255,0.5104290698186348
1256,0.19942310400979357
1257,0.6617986252040413
1258,0.7665383217597989
1259,0.5938419931913284
1260,0.577474851295203
1261,0.1875465834549508
1262,0.7000963030243971
1263,0.790790994286877
1264,0.5435600254216815
1265,0.4292017458158245
1266,0.6862505206187896
1267,0.11209761709081001
1268,0.5602050514405912
1269,0.8564411996946694
1270,0.21780705476928053
1271,0.6593645669743265
1272,0.8991042707231804
1273,0.7551655251231432
1274,0.14931566689365028
1275,0.48279788747386243
1276,0.5185037922896174
1277,0.26747236428109566
1278,0.5004804668586903
1279,0.28446641165799313
1280,0.7399485375723959
1281,0.5067986015460656
1282,0.44193518193065495
1283,0.5227232132721382
1284,0.7952239271040594
1285,0.13804379815076917
1286,0.6543004365067012
1287,0.8106615986190558
1288,0.4074215965800493
1289,0.7454658596000169
1290,0.6767845580527524
1291,0.10954278114401939
1292,0.6346892902812871
1293,0.7068264729503156
1294,0.6716028949736258
1295,0.8442783674595639
1296,0.7198375237804283
1297,0.67159869871879
1298,0.4515026266131078
1299,0.7787002518646121
1300,0.9085040766759833
1301,0.7758708599162224
1302,0.8422108334062823
1303,0.5410227604865182
1304,0.38494817383831537
1305,0.8057420040825769
1306,0.32560117575235825
1307,0.9224088633409624
1308,0.8002708128057283
1309,0.012736129655120054
1310,0.7446661990127815
1311,0.8680900114959348
1312,0.6825092988789045
1313,0.8303982366644658
1314,0.6648824825816875
1315,0.804266781727367
1316,0.8283588275474234
1317,0.5798465789013366
1318,0.39990995519958716
1319,0.4331111218437331
1320,0.5330423597653743
1321,0.6289946834554175
1322,0.8352816436733587
1323,0.43356885957890734
1324,0.6803495466318374
1325,0.6880229885275351
1326,0.3373613449583619
1327,0.7242670283498078
1328,0.6083008153619908
1329,0.8793607631442367
1330,0.841888632441642
1331,0.8614012715628646
1332,0.18583249821082415
1333,0.45806790903981076
1334,0.7681924851414512
1335,0.31803384460516193
1336,0.7209080129780113
1337,0.4445894060748149
1338,0.7741612145487209
1339,0.6916743554451482
1340,0.7593996826990295
1341,0.7267149918099798
1342,0.7444713560053107
1343,0.48762492766311416
1344,0.5447803171783497
1345,0.5433590172031297
1346,0.6463302101864496
1347,0.7200643062761058
1348,0.23101594785394086
1349,0.32688819423828974
1350,0.8653537783438223
1351,0.3030676599854072
1352,0.42925893913827706
1353,0.7052630189619876
1354,0.732593394185021
1355,0.2799680135484224
1356,0.24343089132279938
1357,0.08972624135745244
1358,0.7521270064095208
1359,0.7269058929123738
1360,0.8504866457655078
1361,0.5288590028955283
1362,0.5778042227979995
1363,0.26729132037538683
1364,0.47007535955498136
1365,0.6850494104702582
1366,0.7839945265115974
1367,0.601131901146389
1368,0.41702574692307004
1369,0.2656422832302454
1370,0.6889707063138795
1371,0.9176040074213055
1372,0.35131455680659995
1373,0.4661007938896373
1374,0.645193808100653
1375,0.5330429172018751
1376,0.7575842902041782
1377,0.48948624944916597
1378,0.8838496754326366
1379,0.8864204959396189
1380,0.8535836355388818
1381,0.2239789769773125
1382,0.8062111432499321
1383,0.5162104694483953
1384,0.7128298544690518
1385,0.45261442296168564
1386,0.20089457419743462
1387,0.4109922116979525
1388,0.8747444563278507
1389,0.3350270765395231
1390,-0.04848438161254176
1391,0.8079139546994836
1392,0.830385423193199
1393,0.8177588391929977
1394,0.7337344805981686
1395,0.8820628803510023
1396,0.6171486539825531
1397,0.8526764444618521
1398,0.7416937577902715
1399,0.38297772395558405
1400,0.5369791447279383
1401,0.7489198622847474
1402,0.3939533658165175
1403,0.7361002596115992
1404,0.34721810664679964
1405,0.7534034935227755
1406,0.7277631495941325
1407,0.6434633920150765
1408,0.4474295481348224
1409,0.8380470942968249
1410,0.7753352063638959
1411,0.8928480625648101
1412,0.6752484814988213
1413,0.1586943084892498
1414,0.7623428019767009
1415,0.6756380289212233
1416,0.8047286246596526
1417,0.7590787703158843
1418,0.45241656422149923
1419,0.1522749215464687
1420,0.5346289374503514
1421,0.6392675182523473
1422,0.5474709661202961
1423,0.7576211218428698
1424,0.4413309336918547
1425,0.8124992285640359
1426,0.2210671294931884
1427,0.5348002760809621
1428,0.6752456547236604
1429,0.2735292727563311
1430,0.5261362285393544
1431,0.5594069399212375
1432,0.6459508869278853
1433,0.6304410571333878
1434,0.8282640157857702
1435,0.47163744954606424
1436,0.7868319731213997
1437,0.907065851638878
1438,0.5067636237334814
1439,0.7623655301764825
1440,0.48837467901577225
1441,0.7580144756608763
1442,0.1493399203634166
1443,0.8320316169271313
1444,0.8001065349814679
1445,0.7096660175834459
1446,0.45650269622093864
1447,0.7683951690915111
1448,0.7525510691181022
1449,0.5258583470587687
1450,0.7935243137977914
1451,0.8638791781514478
1452,0.4696224600505474
1453,0.865451269348245
1454,0.9273995649468273
1455,0.7834835044907904
1456,0.6483541576140669
1457,0.8465562411511788
1458,0.6735209913913517
1459,0.8386053151023817
1460,0.2914432202594095
1461,0.27868341156669096
1462,0.4532618440448475
1463,0.7492744292989172
1464,0.40479173556821857
1465,0.16652701811227333
1466,0.8451846892930421
1467,0.7138551931371186
1468,0.886717135458967
1469,0.338767522308988
1470,0.7153213934031357
1471,0.270477850329519
1472,0.7827362329126699
1473,0.7545998290953716
1474,0.5706858097504299
1475,0.8903134123862626
1476,0.7965171386780012
1477,0.21160486697472658
1478,0.4285400597157205
1479,0.6239653396744022
1480,0.6912932409484054
1481,0.7837273982394987
1482,0.5482476660025745
1483,0.5157966402738267
1484,0.8445422625906472
1485,0.7891676312473926
1486,0.6754641185852934
1487,0.727075648666432
1488,0.9027662180489577
1489,0.7323878748600232
1490,0.34625228246776896
1491,-0.05227592320754293
1492,0.38624118040729716
1493,0.8460092261732537
1494,0.3655068293785114
1495,0.7237140836903102
1496,0.8489907468299768
1497,0.14801192205616032
1498,0.29983946347494517
1499,0.18532142691043596
1500,0.7975555025786716
1501,0.3484666141384065
1502,0.682523205698291
1503,0.561167607759269
1504,0.762934424661824
1505,0.4220366414723158
1506,0.7848004289635816
1507,0.5218417024858645
1508,0.41682845208214947
1509,0.7272600669451271
1510,0.5982270660604305
1511,0.29923986045977136
1512,0.7709122753327012
1513,0.5747426237648878
1514,0.08804459099565198
1515,0.26482266688271083
1516,0.6277215244644619
1517,0.5850830956949958
1518,0.8794119634895817
1519,0.8571275754985377
1520,0.8382767561603518
1521,0.5237758129809319
1522,0.9080280747668256
1523,0.9226705282354963
1524,0.6995414678832165
1525,0.4393487688215838
1526,0.794776388626175
1527,0.7465599125278903
1528,0.23765503684618872
1529,0.7685836225851191
1530,0.32472067328153276
1531,0.6162473688233061
1532,0.0676630795098434
1533,0.4786283397106619
1534,0.23570164918543424
1535,0.6071010406281799
1536,0.8033954887825759
1537,0.13083141250027142
1538,0.7480797828264322
1539,0.4882283861834289
1540,0.78106816789593
1541,0.30876704970652913
1542,0.6265204714694915
1543,0.6847652318324793
1544,0.3386248818093549
1545,0.9122966146682746
1546,0.19585586225282614
1547,0.555940732157236
1548,0.4639410234280501
1549,0.8390289153245799
1550,0.5666530374349655
1551,0.11923391995005628
1552,0.744197424144118
1553,0.33322441099934474
1554,0.8067433331622507
1555,0.693471214507626
1556,0.8055611827654021
1557,0.7942064499149566
1558,0.631131592913801
1559,0.6703564425820864
1560,0.29145948081315465
1561,0.8201934544749382
1562,0.3690658156742552
1563,0.49936215010914375
1564,0.8751385727407559
1565,0.8428323298961892
1566,0.8396820191433547
1567,0.4271133221855917
1568,0.6050789651364901
1569,0.6801377120995993
1570,0.7580732767230456
1571,0.8258063564308536
1572,0.6157908891583863
1573,0.6949457241758604
1574,0.6200624822729068
1575,0.575421860524302
1576,0.4940567365356231
1577,0.2567658509908659
1578,0.29183027985325816
1579,0.8754221415902499
1580,0.8135639162671817
1581,0.4243598443511386
1582,0.5609386071326656
1583,0.34357202965552935
1584,0.7412751373999297
1585,0.6133813466318564
1586,0.9172021988931589
1587,0.6496928791795151
1588,0.38913681854660953
1589,0.9112567682595485
1590,0.8300727039379807
1591,0.5218231194723784
1592,0.22943387501461188
1593,0.6977315333051369
1594,0.7893802852207089
1595,0.7045655286780702
1596,0.7979724772913156
1597,0.576440821796628
1598,0.3875059117571562
1599,0.6859293162597854
1600,0.5449036264772384
1601,0.6181234442556445
1602,0.8294557502486293
1603,0.41317305043463015
1604,0.2925132252269167
1605,0.6416075403646492
1606,0.8299224006705531
1607,0.5541499977161228
1608,0.6097920851160183
1609,0.5881227721097017
1610,0.9045703940356546
1611,0.4700988266658346
1612,0.3765537163237036
1613,0.9456935059529139
1614,0.7567358545043437
1615,0.591247552810058
1616,0.6703768114102524
1617,0.6466256000997078
1618,0.5490192995379375
1619,0.2003024483429725
1620,0.800009781606777
1621,0.612634333846838
1622,0.8232621175204546
1623,0.8149425947970718
1624,0.04987793987036926
1625,0.16521677269372415
1626,0.2857037511840912
1627,0.5126326730709196
1628,0.6826579177188542
1629,0.8294691987239811
1630,0.5665766772130454
1631,0.8660035373116384
1632,0.5236756257755664
1633,0.8684649415519594
1634,0.6825457929599311
1635,0.7615560185252908
1636,0.8231739361435507
1637,0.15789721106736165
1638,0.7924511159732661
1639,0.4442022759406836
1640,0.7945724704944468
1641,0.35039519094221716
1642,0.5887618661558139
1643,0.6098603015873907
1644,0.5408901905918234
1645,0.19841069028478808
1646,0.18509980345850874
1647,0.6800564793023646
1648,0.7683175353168218
1649,0.9025886940456561
1650,0.48332042719919865
1651,0.8923792739926627
1652,0.9234132632883898
1653,0.17109215369865616
1654,0.29661076794017094
1655,0.8524439165362669
1656,0.5076038405354288
1657,0.48900397024887576
1658,0.8207740820927293
1659,0.5562780164076288
1660,0.7689577117782367
1661,0.5227634971519766
1662,0.7210968686260301
1663,0.36887690673553997
1664,0.5948925481028341
1665,0.4795209743809621
1666,0.785075887615902
1667,0.8393389407770269
1668,0.3905519371348348
1669,0.730660230220636
1670,0.6767438680521273
1671,0.7656476409352132
1672,0.40880944895454074
1673,0.8601617640849345
1674,0.5027661765355036
1675,0.30869422699100046
1676,0.530400260502227
1677,0.6851259148259142
1678,0.07815072564049153
1679,0.38114247026216463
1680,0.35960210423838856
1681,0.3262156203537183
1682,0.23347040824040832
1683,0.7351937184206142
1684,0.7874285350449027
1685,0.5384832182484072
1686,0.9235549700027061
1687,0.8466637639146073
1688,0.6343761271692607
1689,0.5164393413176853
1690,0.19662697829740483
1691,0.7679583820066628
1692,0.3266995470401648
1693,0.591247552810058
1694,0.8657394361089602
1695,0.2962402897924217
1696,0.5316032728545925
1697,0.8892758184953474
1698,0.6783905822785696
1699,0.7129073511004338
1700,0.9079354179779606
1701,0.6029376916732947
1702,0.7417539126048045
1703,0.8745240642318234
1704,0.8313280922608475
1705,0.07102217065985206
1706,0.8835982241329118
1707,0.8890322353074811
1708,0.46471819852545393
1709,0.5643697211446145
1710,0.812373206358392
1711,0.41280805055152825
1712,0.2476292748586324
1713,0.7553209446356702
1714,0.7020360560708266
1715,0.8238955808934714
1716,0.839415674781512
1717,0.5714066873917117
1718,0.3574407907718793
1719,0.7742863504010563
1720,0.1455809331213762
1721,0.6523235061537273
1722,0.7994835791613366
1723,0.23633708130985187
1724,0.834185792960053
1725,0.645942938846293
1726,0.7987898757346881
1727,0.6888566011003896
1728,0.6747024530069683
1729,0.48009958207814574
1730,0.6146887073087642
1731,0.5590173201077544
1732,0.2013456840479524
1733,0.21620039601838026
1734,0.7530974042800502
1735,0.7245780741479818
1736,0.8747872622714634
1737,0.8436494650584901
1738,0.7406371589852855
1739,0.4307949146699701
1740,0.8530579101281028
1741,0.7572985536726065
1742,0.8123581971402181
1743,0.7265858240444535
1744,0.47540984892020655
1745,0.4273362925224996
1746,0.7406704324211223
1747,0.5621847932930701
1748,0.5748892600900101
1749,0.7211232498860014
1750,0.7959697449721945
1751,0.4854505868308697
1752,0.7701788308609852
1753,0.5572979787740542
1754,0.8233927980295558
1755,0.7278631599342309
1756,0.7601476648248727
1757,0.6338085320482417
1758,0.5108017784929803
1759,0.7194688744152528
1760,0.9080115016347361
1761,0.27389905694798133
1762,0.17582742800092666
1763,0.622145726932773
1764,0.38369745740771577
1765,0.8029212827696709
1766,0.5939811870654401
1767,0.8265375413781441
1768,0.6887615076355439
1769,0.6689605055866734
1770,0.6109252163245139
1771,0.6574661770082828
1772,0.44052044679650504
1773,0.44735218328293125
1774,0.8683987857147057
1775,0.5617598167152635
1776,0.8609327792590453
1777,0.4055084462211471
1778,0.3384066611876123
1779,0.5976257384354762
1780,0.3500545659259362
1781,0.22970732904427538
1782,0.19523020449765527
1783,0.1447006089077273
1784,0.7473285968687322
1785,0.5056566320769869
1786,0.5952294680773065
1787,0.6873831462101595
1788,0.755421612098414
1789,0.3750407452173463
1790,0.7986671960584261
1791,0.6300719044136969
1792,0.5986845777748319
1793,0.9085146522887113
1794,0.6380977894206616
1795,0.7189667158322333
1796,0.35296031280586226
1797,0.7317492062231672
1798,0.33211497918510957
1799,0.7693938428546304
1800,0.8247816682595484
1801,0.6707140608106182
1802,0.7066752931266863
1803,0.27711816928246846
1804,0.6835440819784367
1805,0.5641534469704435
1806,0.8322573451766033
1807,0.496729942604877
1808,0.44879211421984544
1809,0.7443322958487072
1810,0.8488487229502119
1811,0.4374437960836357
1812,0.5236229624440555
1813,0.19779701814227435
1814,0.7258701775794764
1815,0.1658104923248649
1816,0.2805715110874889
1817,0.8058924090752776
1818,0.8399158307375629
1819,0.8830226646238342
1820,0.32158263700942047
1821,0.2777609130023131
1822,0.4237203510489028
1823,0.3847690736726629
1824,0.4642719460371669
1825,0.743916337438126
1826,0.28171127282587105
1827,0.8526493513294888
1828,0.6542555538757567
1829,0.6207817013164174
1830,0.8300759680786218
1831,0.561975094082038
1832,0.4550594672840099
1833,0.9462924541082869
1834,0.6373863231133383
1835,0.7722686326610818
1836,0.4357620974130112
1837,0.8578486857185414
1838,0.8574008296597104
1839,0.8086997975982808
1840,0.8653766207022681
1841,0.8100600134660987
1842,0.8603410375706909
1843,0.8847536724759263
1844,0.5301697223971459
1845,0.6511268726860258
1846,0.2266383187749228
1847,0.8562403994287829
1848,0.6856756926115
1849,0.8405817666645294
1850,0.858320817200576
1851,0.6466964337368966
1852,0.6190332616734512
1853,0.47647561264861205
1854,0.8122857168785802
1855,0.33363128208400905
1856,0.7995493017345455
1857,0.8518496429563616
1858,0.6264300021276422
1859,0.633647617896733
1860,0.795356483924504
1861,0.8807092447120373
1862,0.24918639977832402
1863,0.6441798525998828
1864,0.7653714868730362
1865,0.36822521726230883
1866,0.29892590997437707
1867,0.5261823472935959
1868,0.7202562666320709
1869,0.1529571895465206
1870,0.298519832273628
1871,0.27544298666927336
1872,0.5690093106664439
1873,0.8852456507932744
1874,0.1855844522941178
1875,0.6163272826122261
1876,0.8640598132247536
1877,0.7824831503234654
1878,0.3711008754184102
1879,0.7398781160113335
1880,0.8438414290413837
1881,0.27256238841182245
1882,0.9548012269309555
1883,0.6916237559946261
1884,0.849870861959101
1885,0.7105276850215714
1886,0.8620757336902474
1887,0.799804842696795
1888,0.7611805984633405
1889,0.5228925114659303
1890,0.3126849848719171
1891,0.7281110431520944
1892,0.8352648620550255
1893,0.30271302024947944
1894,0.6870075673367954
1895,0.6933990395412407
1896,0.8719932943455233
1897,0.6686804540268563
1898,0.5339191176914404
1899,0.551866788490888
1900,0.29835468912950347
1901,0.42093259876256806
1902,0.8175612206184976
1903,0.5282829799689396
1904,0.7747043033084865
1905,0.16330885786997107
1906,0.6578749263190542
1907,0.5569702975123276
1908,0.5962250285554436
1909,0.6324048278504207
1910,0.29390810089062414
1911,0.8051960860123345
1912,0.7958520066541592
1913,0.40348365270733777
1914,0.7646180887858693
1915,0.8168382135073328
1916,0.43405404885677956
1917,0.8150341031396374
1918,0.631366177387271
1919,0.30447150297843417
1920,0.3297741865256545
1921,0.7912143940671835
1922,0.6918574570837771
1923,0.7491533687620577
1924,0.2059302669130556
1925,0.7680879650320956
1926,0.8486281462619201
1927,0.7717938504224556
1928,0.6662849151449479
1929,0.2548959391739075
1930,0.8777296677789675
1931,0.875052971017706
1932,0.7749907097243453
1933,0.6129928249841612
1934,0.29463938895399244
1935,0.8016513159923723
1936,0.7999505052807738
1937,0.7826303655198934
1938,0.8714970184822443
1939,0.6001019088905233
1940,0.8456264763095456
1941,0.5989726079114526
1942,0.4744935165715496
1943,0.7695024336873068
1944,0.9070009857326774
1945,0.367082385139164
1946,0.7264391465932475
1947,0.8228579187659502
1948,0.6621607515110943
1949,0.6151649960804796
1950,0.36442563682887186
1951,0.5934297560960677
1952,0.46773115096508544
1953,0.866046810445281
1954,0.8104569982967706
1955,0.7755253984840398
1956,0.15176854884626723
1957,0.8000831101597607
1958,0.7121603309003101
1959,0.5737173600302171
1960,0.7302010432396443
1961,0.5886244061919845
1962,0.521968975373421
1963,0.5989939736288197
1964,0.49245285072778766
1965,0.41897921708465247
1966,0.8851556393521774
1967,0.8184744941656432
1968,0.23826880315798005
1969,0.5780475193232942
1970,0.6308183391668465
1971,0.2851179206322716
1972,0.49178342904234595
1973,0.2634338964409524
1974,0.759949098023942
1975,0.24368811906636223
1976,0.7748221574330574
1977,0.7327280711238593
1978,0.8245685011441587
1979,0.4179049203026399
1980,0.3909512810242479
1981,0.7124240941771013
1982,0.6270838797742232
1983,0.45794127662927997
1984,0.6853107724786944
1985,0.5864600724757074
1986,0.5167800512391825
1987,0.5577403513779521
1988,0.6364435264898499
1989,0.12331887562608312
1990,0.18713234789966027
1991,0.8292411214313917
1992,0.7470044320608051
1993,0.8576741524018235
1994,0.4552963668696697
1995,0.6630948312776026
1996,0.7940797408256455
1997,0.5073415455469495
1998,0.7326559495212847
1999,0.7991139859202292
2000,0.4887028562237439
2001,0.5699470294432358
2002,0.24395203379758112
2003,0.8870577726241791
2004,0.79609666102
2005,0.7702715139885035
2006,0.8859969020636252
2007,0.7302594132896346
2008,0.7993896668482006
2009,0.7710430389400214
2010,0.64574883400396
2011,0.5462081766329323
2012,0.7181162872378778
2013,0.522293037818542
2014,0.7720067656773073
2015,0.7653107722589502
2016,0.7927656018023538
2017,0.7730770768085714
2018,0.6749338937568268
2019,0.7068684782268312
2020,0.24232206419321378
2021,0.8914848358004953
2022,0.6735030287156915
2023,0.865313246854197
2024,0.8467116962829718
2025,0.8555999209887793
2026,0.6297246518319003
2027,0.8196585617620261
2028,0.6246123456306902
2029,0.9143364885330137
2030,0.2545216891558577
2031,0.8162520209682529
2032,0.7326186192036919
2033,0.575238980543724
2034,0.8650163014769258
2035,0.871753657847702
2036,0.14458175778039928
2037,-0.07291610612428401
2038,0.47963728430669594
2039,0.2807666589018758
2040,0.7627221261671663
2041,0.2249289947967037
2042,0.8983962405085465
2043,0.41064582308976205
2044,0.834097187916906
2045,0.7451549160134585
2046,0.6112273416068673
2047,0.7836856305059726
2048,0.8531976834974293
2049,0.7662637174361593
2050,0.3547588276522099
2051,0.37255823484348927
2052,0.4873793784459479
2053,0.7331565172449033
2054,0.5943880920780196
2055,0.5581733551178838
2056,0.5516733765974076
2057,0.3780423299041318
2058,0.17390179286606833
2059,0.780934009363143
2060,0.6303340353478141
2061,0.46791610840324915
2062,0.4172414447573134
2063,0.6128672675019161
2064,0.48356526751629036
2065,0.5139787060736326
2066,0.35477593451825995
2067,0.5151023481150532
2068,0.733921228767761
2069,0.713533782641885
2070,0.5093506876459362
2071,0.8026499913946354
2072,0.39376667761771844
2073,0.20729761910299715
2074,0.10990073583638205
2075,0.2865705616253702
2076,0.6465928734239758
2077,0.30162734096329935
2078,0.8101733127996411
2079,0.5389498462284285
2080,0.6575778303360027
2081,0.818792836399148
2082,0.8664282589626896
2083,0.16481543542503785
2084,0.8943862568628188
2085,0.5705866432068771
2086,0.6236838207687797
2087,0.3778237701769108
2088,0.4749876735209062
2089,0.5974070848110052
2090,0.3944174441878918
2091,0.5801471175169901
2092,0.8722724175250118
2093,0.236052938182302
2094,0.7933487179692564
2095,0.15338705093534843
2096,0.5069407315404835
2097,0.6321888065535556
2098,0.9150532104912092
2099,0.36571902304567594
2100,0.4450008777476082
2101,0.6770366785684777
2102,0.5209797877202843
2103,0.6907529446719644
2104,0.5229676858496732
2105,0.6617290462253779
2106,0.5333013439038081
2107,0.9384085297758857
2108,0.7359619636928739
2109,0.8562026801680295
2110,0.7665548057279173
2111,0.744857425948856
2112,0.7394595753798688
2113,0.29601557350653396
2114,0.7323431562131496
2115,0.4788283615807273
2116,0.7646230001293326
2117,0.6423129444948269
2118,0.4261539385720392
2119,0.15531103814937586
2120,0.8023284601004315
2121,0.6350256942865156
2122,0.8463707267292995
2123,0.3059483388199957
2124,0.3173624846283053
2125,0.7537405499274661
2126,0.5096461766020898
2127,0.5489471778616622
2128,0.7752407153974095
2129,0.4237107576001784
2130,0.8401454403958825
2131,0.38766199879190677
2132,0.751445958467357
2133,0.6505871872380158
2134,0.27574781168956053
2135,0.6090362683448461
2136,0.38219623797541824
2137,0.5326971112776808
2138,0.4965296374566569
2139,0.2880528179952697
2140,0.7704446602429151
2141,0.7708016937971327
2142,0.15108357088381053
2143,0.7820281342770347
2144,0.4251190330637177
2145,0.24867795607743104
2146,0.4746520241167542
2147,0.5638743261021449
2148,0.2560276143679665
2149,0.5068600019982071
2150,0.7553239977025308
2151,0.6521095101505476
2152,0.6135500755559478
2153,0.7126437752803892
2154,0.2682014816534505
2155,0.7783289035269214
2156,0.4179183365068888
2157,0.6681800767385205
2158,0.3057402921102652
2159,0.5336884441656436
2160,0.6642489666756374
2161,0.5177610944381336
2162,0.89147739674133
2163,0.6403579909786555
2164,0.34003193192360337
2165,0.1870072520850401
2166,0.6912614474526981
2167,0.3510933433462733
2168,0.7471990210053772
2169,0.7262858937609872
2170,0.3093322946477576
2171,0.5768727363137487
2172,0.815299294380525
2173,0.49580280019805145
2174,0.16928244368943612
2175,0.43793696541178595
2176,0.8022182616173671
2177,0.8750292833073967
2178,0.38017192611595185
2179,0.8050546269175588
2180,0.6421675590695275
2181,0.7969846571049969
2182,0.8246651182773218
2183,0.3558371921432686
2184,0.8444626088846761
2185,0.467439028287562
2186,0.746209494301819
2187,0.35897223594355054
2188,0.33131631496886993
2189,0.8559231172673184
2190,0.7952146105331049
2191,0.8053494316359209
2192,0.35240006087530973
2193,0.8003716428353871
2194,0.7706352384723958
2195,0.38106898107402387
2196,0.7054551175941312
2197,0.7712369558236705
2198,0.3576709851612634
2199,0.4898383780917366
2200,0.8183107629488209
2201,0.8821171384196089
2202,0.5060671359796043
2203,0.8932377027947878
2204,0.9022333705703843
2205,0.8358972106765702
2206,0.7767005331052993
2207,0.30273979234074844
2208,0.45628770331489754
2209,0.7408912314720676
2210,0.5640799795953552
2211,0.6847308240968505
2212,0.32303600288723633
2213,0.9381981559017138
2214,0.8178843640327469
2215,0.7289102843784779
2216,0.48020258731542853
2217,-0.02229100205495471
2218,0.8053584102732283
2219,0.7517580062023627
2220,0.7459840785656981
2221,0.6042109823665578
2222,0.8500535988645362
2223,0.585928312904338
2224,0.31049237421256026
2225,0.5367790170911192
2226,0.7707550623204592
2227,0.6491328237397641
2228,0.6664552912519252
2229,0.8510979468917422
2230,0.884696511674908
2231,0.4724154596194182
2232,0.8278786493274267
2233,0.8365654967718313
2234,0.1990561929350898
2235,0.5943854336729754
2236,0.6483002928554382
2237,0.7523964398245249
2238,0.1442004276875284
2239,0.8435438835049766
2240,0.8063697268547834
2241,0.26954509587648
2242,0.9009996043614724
2243,0.6989899194196058
2244,0.2884989917549783
2245,0.7743015557600097
2246,0.8076251799075632
2247,0.4350845199958492
2248,0.8689499739167841
2249,0.5682077190128688
2250,0.8904496347052551
2251,0.46451521452995026
2252,0.802418257142333
2253,0.4457436625081528
2254,0.31953109215827125
2255,0.5528902104219845
2256,0.7823849133829825
2257,0.11360396617360768
2258,0.5230900971408918
2259,0.8423439804993853
2260,0.7988751544496719
2261,0.6953467338177373
2262,0.8595509033127524
2263,0.8465232958114846
2264,0.41395730600024394
2265,0.7924089852675562
2266,0.30588210207040123
2267,0.7216618776454086
2268,0.7198864366130453
2269,0.22840359334178673
2270,0.8341541537565438
2271,0.25769886886361726
2272,0.9084385136780462
2273,0.22255562455461786
2274,0.6574071187303487
2275,0.813150608364203
2276,0.6559458404179278
2277,0.4213688183079536
2278,0.35239168387963127
2279,0.8718713851716656
2280,0.5501462778144682
2281,0.4540885847727243
2282,0.875777860595991
2283,0.6475126455683559
2284,0.9922397213954922
2285,0.37862389817417375
2286,0.7680318368934883
2287,0.4236772992910345
2288,0.44582190385920395
2289,0.6127855348982766
2290,0.5736234790699476
2291,0.6344129719699778
2292,0.8128762586297927
2293,0.41571944479383105
2294,0.6914820010966429
2295,0.8131774023208365
2296,0.7131773306046703
2297,0.8741883254924592
2298,0.26681007235195076
2299,0.8700309553906642
2300,0.44576960828735834
2301,0.7168709082652395
2302,0.4131121950834725
2303,0.6379461117679743
2304,0.832991452319985
2305,0.33915119986198106
2306,0.5405579499446129
2307,0.5946392418475702
2308,0.7966246448762061
2309,0.44851361728356454
2310,0.40987131716540137
2311,0.7009383404301587
2312,0.8849477325184558
2313,0.8411315149240277
2314,0.6483462181276943
2315,0.7818384640051866
2316,0.26608557790440823
2317,0.7600901075724014
2318,0.6983211029163603
2319,0.6558815357519582
2320,0.7236001344517937
2321,0.5838821298653016
2322,0.5036423478113321
2323,0.4439081341685316
2324,0.6070797925534313
2325,0.913525109960504
2326,0.3247343867493597
2327,0.6379228108347842
2328,0.6683876242746712
2329,0.23396109316385916
2330,0.7034652977502074
2331,0.9227026882597699
2332,0.43649749981919206
2333,0.7295488546612768
2334,0.6466654254426781
2335,0.48645786207115127
2336,0.569152269767548
2337,0.5973748878276217
2338,0.5998721033101295
2339,0.6411849493059821
2340,0.5219515435467692
2341,0.47825671291377003
2342,0.7326359851894614
2343,0.8599146467756061
2344,0.6472024050841071
2345,0.6505665449051202
2346,0.8961701183564645
2347,0.7077818253360597
2348,0.8421279813391028
2349,0.8047722746342473
2350,0.763195074990208
2351,0.8961853542859538
2352,0.49735437352735823
2353,0.7771245928862439
2354,0.7076293201097485
2355,0.7486968696379114
2356,0.8268690782859129
2357,0.42269488097748187
2358,0.22335093345689105
2359,0.23245512398222434
2360,0.7671282462365948
2361,0.3558772164172477
2362,0.8270820184558537
2363,0.6862821935903637
2364,0.834940792580098
2365,0.6389888769589342
2366,0.6861960696576922
2367,0.8346992142578699
2368,0.8244841807522177
2369,0.4544114432314177
2370,0.868374160315118
2371,0.6437221505427106
2372,0.6761819757693914
2373,0.8345496068839119
2374,0.30942046825471325
2375,0.5922262393061104
2376,0.8454545974836476
2377,0.8389275605908524
2378,0.6417601559999393
2379,0.34206759349055416
2380,0.7128318459344023
2381,0.8188023046334532
2382,0.7476283816745642
2383,0.7553637476066981
2384,0.8957532101865597
2385,0.4760751484119514
2386,0.7143533735303643
2387,0.15372119774075155
2388,0.7599344794981184
2389,0.5904215446998157
2390,0.7941355543203621
2391,0.8464844568236404
2392,0.7087845918417328
2393,0.3779648334063991
2394,0.8844054166013993
2395,0.7675044679631319
2396,0.7428991523090954
2397,0.8182774204846024
2398,0.7157226603979474
2399,0.5564839583243744
2400,0.3018251730683015
2401,0.1551233575013744
2402,0.652394916861493
2403,0.7756575400129395
2404,0.5019816207501607
2405,0.46271890309562635
2406,0.1975001197274433
2407,0.7802592241978513
2408,0.4846149546587061
2409,0.9004719669759887
2410,0.8209044590050016
2411,0.8895576161900984
2412,0.5725221094315713
2413,0.60213856446068
2414,0.5435855892979806
2415,0.671874918196863
2416,0.7107413245238011
2417,0.9535866428788295
2418,0.5095523132893407
2419,0.8232002603761301
2420,0.7834810491935867
2421,0.5705474396927835
2422,0.360744276845399
2423,0.8368611971811837
2424,0.671375562171043
2425,0.3008199081684455
2426,0.5795395761999431
2427,0.581126507849659
2428,0.7456929302630215
2429,0.4782573259807318
2430,0.35546490936034125
2431,0.06577633032562646
2432,0.5239079196550733
2433,0.6538842147511819
2434,0.8759612984295394
2435,0.13139062873347207
2436,0.3104615491432483
2437,0.5881450726977127
2438,0.41256546269033023
2439,0.7980442786658455
2440,0.8630163326612588
2441,0.788985485481487
2442,0.8378108655754273
2443,0.76938331775763
2444,0.9018342064341541
2445,0.29321066749990554
2446,0.6385107793516728
2447,0.5631480332921063
2448,0.5184961352933537
2449,0.5944566534345166
2450,0.9024777826669446
2451,0.5309057407293392
2452,0.6698591614424512
2453,0.8921118975307958
2454,0.37375571953299813
2455,0.3757693631820842
2456,0.7263991538737767
2457,0.8595117135175588
2458,0.307155024425819
2459,0.6662406590280615
2460,0.7739051230734373
2461,0.4048348268540718
2462,0.4932688964336578
2463,0.30928264545127127
2464,0.6784270111523757
2465,0.9170927192491198
2466,0.8813504808960966
2467,0.5180387292701459
2468,0.591355392817274
2469,0.4584162343957999
2470,0.7861168047836445
2471,0.18409848812277063
2472,0.16245228028256886
2473,0.7662593168619787
2474,0.8649438805242695
2475,0.5032131620767268
2476,0.8575997568320599
2477,0.6910384374125499
2478,0.730162394777481
2479,0.3825644448576062
2480,0.5439268620004862
2481,0.3322760413337362
2482,0.5095671446090302
2483,0.2547901446415122
2484,0.7933808499392704
2485,0.8433931602156356
2486,0.6229877128866438
2487,0.8464335577407982
2488,0.889781845445504
2489,0.6282333197568624
2490,0.723511892812739
2491,0.8195767598112286
2492,0.7279890899776009
2493,0.7812591634089527
2494,0.3821301015241739
2495,0.4585875865428777
2496,0.8003110055482511
2497,0.7034317953618314
2498,0.623482071555431
2499,0.4264702392826779
2500,0.39327786537614484
2501,0.3455067244385126
2502,0.6630498883064772
2503,0.6785482481838732
2504,0.21782920840075315
2505,0.5158562153662104
2506,0.3204012026744081
2507,0.5067834359770674
2508,0.9008534860044619
2509,0.8487900254815609
2510,0.7581383054035418
2511,0.5267828633938206
2512,0.6517968965335704
2513,0.3101568953345546
2514,0.8789633625374783
2515,0.7650129147576308
2516,0.6448520916339308
2517,0.728554735390524
2518,0.5682152752206775
2519,0.8035565030097814
2520,0.6719268518240635
2521,0.31613411027719307
2522,0.37158531229789993
2523,0.3461725552163697
2524,0.7901875358325796
2525,0.7989523882930356
2526,0.5429788227823562
2527,0.3383825728180615
2528,0.2187388003009818
2529,0.3880229482923705
2530,0.7568005118885168
2531,0.4777640264708778
2532,0.7779669799959242
2533,0.8853878689059429
2534,0.7276939166766528
2535,0.6957169342681282
2536,0.5677307802259098
2537,0.7202170408536436
2538,0.7001832152763209
2539,0.7769398937551424
2540,0.6998529483352529
2541,0.8913933423633573
2542,0.5833653202861169
2543,0.6614014221801462
2544,0.8403733943920398
2545,0.8804103069899669
2546,0.9141409371570426
2547,0.8563733074596674
2548,0.2495105149213973
2549,0.21072226462605248
2550,0.17962695567645526
2551,0.4496744675483402
2552,0.4440678510458228
2553,0.7583555889562107
2554,0.6180008648318003
2555,0.6856165985819019
2556,0.8369373951556986
2557,0.6588392979749735
2558,0.7575747335954002
2559,0.7259381831136335
2560,0.6058820113756904
2561,0.25531353213906316
2562,0.727399530962153
2563,0.3812826808118641
2564,0.35755393270136704
2565,0.4491270854487144
2566,0.7977156875010931
2567,0.5168608670856792
2568,0.2801135379170756
2569,0.8230363703147868
2570,0.2810525827223487
2571,0.5231897186567688
2572,0.7018754026557588
2573,0.2366715770063167
2574,0.32475358712256086
2575,0.8312578386717495
2576,0.5843662371611532
2577,0.8431542907389952
2578,0.35965327351765564
2579,0.736039824161955
2580,0.48553685734349794
2581,0.7985009492976215
2582,0.5154658019051119
2583,0.5923281841157896
2584,0.2412085395138711
2585,0.6514733307460486
2586,0.8072575758765697
2587,0.7625645179571453
2588,0.6319107166190314
2589,0.8333499242567974
2590,0.4623913773382655
2591,0.3995656788324944
2592,0.5928773841497453
2593,0.23299090884710272
2594,0.6694834977558518
2595,0.6752626062314688
2596,0.5942039900512488
2597,0.7392603452061594
2598,0.24554113198075034
2599,0.347511210944327
2600,0.8841694900294109
2601,0.5688884233032306
2602,0.783942152546529
2603,0.5633734360952121
2604,0.8264299628719763
2605,0.5068847963118013
2606,0.5446698316451491
2607,0.889318675812194
2608,0.2465782621233743
2609,0.617313726320177
2610,0.3780225457277274
2611,0.808170471349838
2612,0.7088794519485176
2613,0.483194390662259
2614,0.1659295824734398
2615,0.36363182175845576
2616,0.5987865548727233
2617,0.5952579066182427
2618,0.5470146432783805
2619,0.7968714116915409
2620,0.18798001808827802
2621,0.6463063341557703
2622,0.39949498538896344
2623,0.2546267373130947
2624,0.720605775262455
2625,0.6415803003666839
2626,0.36235123816069603
2627,0.22789080737419998
2628,0.5146517736293263
2629,0.24416499227681743
2630,0.44174237824984774
2631,0.7869539080174864
2632,0.5996458423049447
2633,0.7380422812561527
2634,0.5107101921089304
2635,0.812805743374865
2636,0.8795849008583436
2637,0.503626963368687
2638,0.8515343913248652
2639,0.47170024040406033
2640,0.2510165118932892
2641,0.6629027640704673
2642,0.33138594729242965
2643,0.6662583658990227
2644,0.7963684459982013
2645,0.8836620570678371
2646,0.6584346183502446
2647,0.40257296168851586
2648,0.2135265672864849
2649,0.6253915267648694
2650,0.5240588367562247
2651,0.7779032724297789
2652,0.20384422508653222
2653,0.7360353007345126
2654,0.5117990525019287
2655,0.026495721807973438
2656,0.7690424848781334
2657,0.7354725251050336
2658,0.7410012061224617
2659,0.4345646264004759
2660,0.8312211307457001
2661,0.2828252808171178
2662,0.6057846118556288
2663,0.3721973919750543
2664,0.6085586149313772
2665,0.6673376375595316
2666,0.13962678025237496
2667,0.7612859529869798
2668,0.2639971188929867
2669,0.40506821331486975
2670,0.8140260401691347
2671,0.8163733519633871
2672,0.6300038651809874
2673,0.6063170897994105
2674,0.427958815348349
2675,0.7671182287868089
2676,0.768448362492895
2677,0.8108935528809044
2678,0.9136950220882967
2679,0.38372984457950476
2680,0.7730031122768041
2681,0.3690085057918947
2682,0.5832586459688788
2683,0.5584429865218371
2684,0.9235111386654622
2685,0.9258532498746166
2686,0.6511689083117455
2687,0.5981240985092492
2688,0.5564096991761859
2689,0.32536199519588127
2690,0.8434929835575807
2691,0.8174675564482279
2692,0.5773174543951495
2693,0.8220885262758382
2694,0.3434299765265494
2695,0.8328370991005797
2696,0.619343913364173
2697,0.7005863908834714
2698,0.9152187058519952
2699,0.14529638904448006
2700,0.23781800652720064
2701,0.84866195747251
2702,0.8427477933011797
2703,0.6206965803354493
2704,0.6128014826422729
2705,0.7219767995253891
2706,0.7915548493323876
2707,0.4265302599537011
2708,0.8888357691210613
2709,0.6539407446283277
2710,0.5558612275024634
2711,0.6123785709468033
2712,0.928017817838283
2713,0.8937514138395055
2714,0.586583026094806
2715,0.4543380940211642
2716,0.4602647655181642
2717,0.4570014719631508
2718,0.3728421354667262
2719,0.5360591052157732
2720,0.30915519764782196
2721,0.33532287166978736
2722,0.3884017463930791
2723,0.8288610063498895
2724,0.20591185259249678
2725,0.3015599275942711
2726,0.7808676029546904
2727,0.39622477960048497
2728,0.15370182314866598
2729,0.8034693910401802
2730,0.9041951365681146
2731,0.9167920091304609
2732,0.5958840957027929
2733,0.5195519701537765
2734,0.5634071561335261
2735,0.2860626741242154
2736,0.880751150684664
2737,0.8402084546399187
2738,0.8713277741704379
2739,0.5441319968077366
2740,0.5253092003443957
2741,0.23253749616319908
2742,0.8122153696147978
2743,0.5755340740084057
2744,0.8503616143831094
2745,0.6285269982509805
2746,0.5322579826223328
2747,0.699144866018003
2748,0.22551321124496448
2749,0.20699806639916185
2750,0.878593465387789
2751,0.8730065385843807
2752,0.7636278958054941
2753,0.24619696344267228
2754,0.7388286524453125
2755,0.4526232372760848
2756,0.17566348805532173
2757,0.8683919704967421
2758,0.7014367795904439
2759,0.7477256884633783
2760,0.7078491457075458
2761,0.491815498986103
2762,0.6097385145852016
2763,0.5278552426002555
2764,0.5952824540066979
2765,0.9413350334236067
2766,0.7286436988424356
2767,0.6888717661529233
2768,0.775421554337034
2769,0.3034863608018643
2770,0.8113633683728362
2771,0.7609164526224397
2772,0.681098918878572
2773,0.7655452536713131
2774,0.8153514630958042
2775,0.6774502740883528
2776,0.7177021336040391
2777,0.4366665421266107
2778,0.2197032752664947
2779,0.4733044219655438
2780,0.4303368374210176
2781,0.10533153850280597
2782,0.43765661985729687
2783,0.820876325864742
2784,0.6661727798139232
2785,0.20234449638883256
2786,0.9032176229981231
2787,0.62167287060038
2788,0.6703605762494453
2789,0.3475173760597181
2790,0.41457138609837185
2791,0.7994914492184312
2792,0.4554013955413958
2793,0.527202419321096
2794,0.24541099792376697
2795,0.7433134203771948
2796,0.25886513586854976
2797,0.6916559238806104
2798,0.8344527448790323
2799,0.6184312739926064
2800,0.6992130861240385
2801,0.47461633439040685
2802,0.03161235159859621
2803,0.8595583721113207
2804,0.8661715738033673
2805,0.741668646740289
2806,0.856676600353269
2807,0.11501562678525246
2808,0.38067545167060235
2809,0.2312880818464118
2810,0.435740636887355
2811,0.511707708577891
2812,0.253540281457974
2813,0.7312747312391012
2814,0.8004098180933026
2815,0.22460670585803633
2816,0.5077790484068236
2817,0.8406903332723316
2818,0.7236292269744301
2819,0.39498480318678353
2820,0.7045206895138096
2821,0.5715933718698261
2822,0.5260548807642043
2823,0.8600488660286805
2824,0.5110617575948843
2825,0.8217463615477845
2826,0.8957807712586587
2827,0.5776337748570329
2828,0.09630280205804043
2829,0.5323187848985298
2830,0.2244099254382923
2831,0.2066739160336124
2832,0.43537303589466503
2833,0.8262780377826238
2834,0.5107019122210886
2835,0.8635201548298533
2836,0.2900069307045601
2837,0.22426001053044353
2838,0.8511885695596285
2839,0.9367950163131427
2840,0.7547873307561046
2841,0.8423239426911266
2842,0.6519636499620404
2843,0.7510370164556016
2844,0.8205750985309456
2845,0.8312582890803591
2846,0.22957142598259317
2847,0.31770042674765175
2848,0.6212559652213507
2849,0.7416433141194817
2850,0.2912788111913426
2851,-0.05079274122402988
2852,0.7293411325020377
2853,0.6508412951735503
2854,0.8211260389463759
2855,0.6188830597603329
2856,0.5300666725121266
2857,0.7810473387929289
2858,0.5542309363713106
2859,0.3764547993702201
2860,0.6720828893014241
2861,0.7906708066715158
2862,0.5371997847004404
2863,0.3607941762901534
2864,0.8973802376068517
2865,0.44202908340170577
2866,0.8415395022911943
2867,0.24367363373406437
2868,0.8494506495608617
2869,0.6479188470084158
2870,0.5671174448716503
2871,0.7630134827054668
2872,0.913165784171357
2873,0.6461409577302056
2874,0.4971090646612172
2875,0.7756602219449996
2876,0.8164325021924911
2877,0.5720937565921196
2878,0.4825477229144566
2879,0.5159488147992807
2880,0.3589505472599892
2881,0.5334841711330973
2882,0.2716417269331255
2883,0.31494611659901217
2884,0.8116001585371789
2885,0.3019850265959696
2886,0.43487663221543194
2887,0.3022474927939044
2888,0.8583339087698466
2889,0.7657591929481765
2890,0.790597341124523
2891,0.17924140072613304
2892,0.8364730986075046
2893,0.6455717979900748
2894,0.8594389538520988
2895,0.2302215340310878
2896,0.7561417196528404
2897,0.7847622704814076
2898,0.5290797121462151
2899,0.5771662704164066
2900,0.7580490936715027
2901,0.44806387537977455
2902,0.6314491923782192
2903,0.8287728649640392
2904,0.8699580748627183
2905,0.3642253020051869
2906,0.6061467213192677
2907,0.8834068299755633
2908,0.17754142155451302
2909,0.40913448448719114
2910,0.7457062695990941
2911,0.5039263071206876
2912,0.9175741728535635
2913,0.830141610459126
2914,0.6903461353210741
2915,0.6849402604926101
2916,0.8114675284841806
2917,0.3790953568843425
2918,0.7107266583936066
2919,0.7538142475616298
2920,0.4005578946448022
2921,0.7136007614229847
2922,0.6912945143099897
2923,0.7069347125310991
2924,0.44453351585973844
2925,0.5675634864090682
2926,0.6877178408697303
2927,0.42652435862967597
2928,0.4656335038173247
2929,0.08885542227289023
2930,0.32197345079521766
2931,0.8656531730095884
2932,0.7172097731643755
2933,0.8320360014226904
2934,0.49716246231719263
2935,0.8637255688423732
2936,0.5165247920618634
2937,0.5681714395116726
2938,0.06142541517013189
2939,0.6799134748491968
2940,0.8285210994196539
2941,0.9400876620183577
2942,0.489894372300712
2943,0.8406786344549183
2944,0.7885473199358097
2945,0.3357437960652877
2946,0.9442742979883032
2947,0.5794375754359252
2948,0.46529223603995984
2949,0.3729854803502427
2950,0.4213199008513109
2951,0.7445329862633343
2952,0.8494566671217324
2953,0.36403059958046313
2954,0.3341176855319641
2955,0.8161615615452174
2956,0.21064458668524688
2957,0.8253747568694653
2958,0.7690505348369273
2959,0.5057599181638776
2960,0.4486396495795024
2961,0.4388703589211901
2962,0.8621522617275407
2963,0.4665522609537669
2964,0.5061209193307529
2965,0.2811316457718912
2966,0.8359734091849715
2967,0.7304878919463832
2968,0.15523265529025743
2969,0.6833501428362557
2970,0.5564947468119595
2971,0.5261580524404327
2972,0.7928784788893732
2973,0.20846785658368494
2974,0.8396206565898353
2975,0.836542554050947
2976,0.6035254343026611
2977,0.39650493804256937
2978,0.75028451889016
2979,0.5652076918531355
2980,0.8165342976945675
2981,0.4186617703327976
2982,0.9267729084456332
2983,0.854877061356445
2984,0.6824226411158949
2985,0.20600296039159915
2986,0.7712237852703254
2987,0.7249618486907805
2988,0.6703579388198389
2989,0.5146968401756079
2990,0.9138581547403003
2991,0.620498734405043
2992,0.23862575514500517
2993,0.7574782784496509
2994,0.6951268176942671
2995,0.812458527686325
2996,0.6955028927802478
2997,0.33036369850343417
2998,0.5179779895278838
2999,0.43024605088797485
3000,0.8505655194950305
3001,0.512458723067929
3002,0.2723615573419146
3003,0.7650332280841463
3004,0.12530329303932886
3005,0.8719388605460388
3006,0.6467402087967747
3007,0.6614259506419987
3008,0.33975332128841584
3009,0.8743438107873791
3010,0.8036941965949553
3011,0.928935382469084
3012,0.7086142818209039
3013,0.9668669971542729
3014,0.6538529170048788
3015,0.29671248717783894
3016,0.21894404322576255
3017,0.5283331786431692
3018,0.6763961952549618
3019,0.306161281032325
3020,0.7183873960916962
3021,0.45463400128079146
3022,0.5061750592424686
3023,0.9136306595915542
3024,0.7590912347316139
3025,0.7884165060557725
3026,0.9171764223737885
3027,0.5581291189892924
3028,0.6990898567264745
3029,0.49906179563491815
3030,0.2047050640590451
3031,0.6913721076250555
3032,0.7160479576017739
3033,0.41455663754360694
3034,0.7211692871412514
3035,0.5472850338144846
3036,0.4945082143968359
3037,0.6265992266483519
3038,0.7328547679554279
3039,0.449801732424541
3040,0.19764315139955757
3041,0.43675106735668523
3042,0.26213395322458344
3043,0.6541888153680689
3044,0.7932222670372849
3045,0.6658594101077925
3046,0.7540262166229796
3047,0.8953911763138288
3048,0.7949943969699935
3049,0.5268276029387546
3050,0.7597512615715181
3051,0.778144702688817
3052,0.6448647922169626
3053,0.2845424064424299
3054,0.4805052794516895
3055,0.4166930600762466
3056,0.9861741670787076
3057,0.8614361286828786
3058,0.09812860658166422
3059,0.7328899314113878
3060,0.5253823160791635
3061,0.5815679475207218
3062,0.3907898547325702
3063,0.5171281338323893
3064,0.8544725913111408
3065,0.7570280576401225
3066,0.22566151938516466
3067,0.7445420750251288
3068,0.18138958375713454
3069,0.1428146327532971
3070,0.5815163646653548
3071,0.4047046938425747
3072,0.29901725048061145
3073,0.8154137083371131
3074,0.5557750812571892
3075,0.8978214220650597
3076,0.7377151679352854
3077,0.5039511744220774
3078,0.9077061705127227
3079,0.8223754287998976
3080,0.25745038796812136
3081,0.4263940846391959
3082,0.4853139371423626
3083,0.7009632587727834
3084,0.8568025416549215
3085,0.717412455144266
3086,0.4769821195621484
3087,0.2777223643854766
3088,0.6939681189279496
3089,0.5653342174179102
3090,0.0988526924588119
3091,0.8131181517060565
3092,0.27583806808828615
3093,0.39149583517573383
3094,0.8219712358516819
3095,0.8284500647048249
3096,0.3688184796450733
3097,0.061334751957244804
3098,0.2015629020606946
3099,0.6724937177456769
3100,0.8183625934496337
3101,0.6590871296729521
3102,0.7155279488929691
3103,0.43143372901422394
3104,0.8801283763550097
3105,0.6218406734458933
3106,0.46887874144363284
3107,0.16522339714467815
3108,0.8472372660055598
3109,0.279988907765345
3110,0.23848375124770038
3111,0.8700282964638414
3112,0.5532758852210653
3113,0.7422498691582395
3114,0.7386283453577203
3115,0.6960866507363583
3116,0.7270357886559148
3117,0.26228963659164073
3118,0.8306173399350798
3119,0.8551989893659329
3120,0.24310496153494532
3121,0.724660025100592
3122,0.613177453731133
3123,0.4970892820326458
3124,0.22593703332650006
3125,0.8339607664904218
3126,0.7021502090592474
3127,0.8278575849043049
3128,0.7042500357070051
3129,0.7892063154122956
3130,0.3703331207335503
3131,0.9295725026907858
3132,0.8295555104147756
3133,0.47641512936279606
3134,0.7471785884890182
3135,0.659596745048548
3136,0.8624436352749882
3137,0.6483039658284723
3138,0.7448068290173636
3139,0.39462658841290144
3140,0.40382579909671357
3141,0.7051317966665961
3142,0.8106354037049681
3143,0.6320746967220013
3144,0.46991816449189017
3145,0.6073068190088813
3146,0.3834449996495636
3147,0.7326893354612205
3148,0.3189501771535872
3149,0.9290658766200216
3150,0.20428377054915603
3151,0.49450020413844054
3152,0.9372670009355869
3153,0.7623430993120236
3154,0.6179177802539106
3155,0.664098079132747
3156,0.4588617971917396
3157,0.673853171926558
3158,0.3009751667767766
3159,0.8377310619308544
3160,0.8816163397116258
3161,0.6202830349653473
3162,0.5922288539132354
3163,0.8711421669072218
3164,0.47186257346336
3165,0.8577040788664392
3166,0.20962203487306763
3167,0.3424184045433867
3168,0.537481088667639
3169,0.6217658054149597
3170,0.52845861388001
3171,0.3861327360956749
3172,0.9151199555479254
3173,0.6506418858937667
3174,0.25998439676744844
3175,0.6138753310241853
3176,0.8529182860953352
3177,0.8293298941102929
3178,0.8577555723131263
3179,0.4611716236403195
3180,0.2380867736588297
3181,0.7589991987988385
3182,0.39032827215411414
3183,0.7642203090447681
3184,0.5176686858189679
3185,0.5569595048139756
3186,0.7380344630398205
3187,0.5131406838867821
3188,0.7697550581968534
3189,0.6489992500243538
3190,0.8671056088764911
3191,0.6244515299690325
3192,0.8021580319532315
3193,0.808339982458785
3194,0.9353729641769065
3195,0.9159701333699982
3196,0.6344928916862439
3197,0.7630971821352575
3198,0.5860716724058148
3199,0.6538661774896055
3200,0.17986089615079515
3201,0.548796436678366
3202,0.8626451623537205
3203,0.28554631883026693
3204,0.7243897569920049
3205,0.6768749244723995
3206,0.7368118014068439
3207,0.6398590458364168
3208,0.47549696730407054
3209,0.8631128981577162
3210,0.3579837174693201
3211,0.5213590411794616
3212,0.5131848473826083
3213,0.7497897955490337
3214,0.33000927102742195
3215,0.414532354797415
3216,0.833428693121954
3217,0.5446620563322631
3218,0.5157365681744286
3219,0.5236075324274617
3220,0.513597130110197
3221,0.5054864159102749
3222,0.46298248156868305
3223,0.7434893849560532
3224,0.5750296425911718
3225,0.26248877524666625
3226,0.5974204700925219
3227,0.4349283282910452
3228,0.8058337818635198
3229,0.8767344038195941
3230,0.613964555382501
3231,0.8914536400273401
3232,0.25771025548159876
3233,0.7816863016567056
3234,0.4474375688525041
3235,0.7969137895921987
3236,0.5847774666532616
3237,0.4693891802572251
3238,0.7417070485554951
3239,0.8583713437022392
3240,0.3115562484491803
3241,0.30891663946521586
3242,0.8924948619178995
3243,0.5680022290431612
3244,0.717603853358264
3245,0.4477207643658536
3246,0.6106256883390877
3247,0.8390520365567983
3248,0.9003527071062734
3249,0.799049996085478
3250,0.335342478591216
3251,0.3920791940553041
3252,0.6650942087953549
3253,0.4841792611571857
3254,0.47447009801227
3255,0.7415388160264332
3256,0.2901672414370482
3257,0.15783082114031743
3258,0.6788839966124254
3259,0.30852179011549097
3260,0.9586256227330072
3261,0.8226085557950288
3262,0.45619309886782045
3263,0.3233350005440716
3264,0.5597740578935768
3265,0.5048436036773023
3266,0.6386380856733982
3267,0.2676328889397974
3268,0.2428188691481421
3269,0.5113822868599807
3270,0.7030702451873946
3271,0.5589204192455673
3272,0.7712769092822083
3273,0.7723349722550958
3274,0.7532323904504683
3275,0.08604939972587244
3276,0.5798258368541386
3277,0.4781421784685642
3278,0.7515616646464008
3279,0.6055060840430556
3280,0.9184140058790712
3281,0.921071928316574
3282,0.5531338807947046
3283,0.5530792421843566
3284,0.8268025399108182
3285,0.9116195717452841
3286,0.5984959628771578
3287,0.7274902075501607
3288,0.7724337971114422
3289,0.9274056231702519
3290,0.7740975577187071
3291,0.5766254033998433
3292,0.9211312805087872
3293,0.3318535389445332
3294,0.48092693487864313
3295,0.26214069816611607
3296,0.14661447585785925
3297,0.8963055092046229
3298,0.6459878413429521
3299,0.6118355686008156
3300,0.7161994419083828
3301,0.777890220978973
3302,0.710968480191536
3303,0.13383364961647715
3304,0.11224633830462505
3305,0.6516322538016356
3306,0.46898939240646054
3307,0.8148656414888767
3308,0.6163443666753537
3309,0.9074979617928743
3310,0.603472379688589
3311,0.6296992166072838
3312,0.8503954868647796
3313,0.8383206438841323
3314,0.8755458727803147
3315,0.4329137348473273
3316,0.6830509481124862
3317,0.1426141211204297
3318,0.2664176734049547
3319,0.17145296159090517
3320,0.4606842061213091
3321,0.8698966883164498
3322,0.213650954841333
3323,0.3359287286576569
3324,0.8458313096911108
3325,0.8544090816109984
3326,0.5770581923777828
3327,0.9076951744901676
3328,0.7384981967034004
3329,0.5944891360586955
3330,0.666066404281991
3331,0.03265326905142951
3332,0.7006135683834348
3333,0.9125241276492815
3334,0.7532679786214813
3335,0.6288805623556603
3336,0.6452524345848522
3337,0.7817281316154703
3338,0.4390685802694778
3339,0.7477878943188152
3340,0.6932073500018435
3341,0.7140567848629583
3342,0.7726029274238435
3343,0.8406535575236502
3344,0.3131300103839332
3345,0.2683261652883929
3346,0.8254939918108352
3347,0.6924364435443007
3348,0.21906501870692696
3349,0.3680562570002417
3350,0.84766554695273
3351,0.39874302879480317
3352,0.662477973685919
3353,0.7492715396956272
3354,0.7769756700264929
3355,0.5489109826364909
3356,0.6331945071620556
3357,0.4119552544790761
3358,0.7682104658008301
3359,0.877223717220791
3360,0.6817063710580005
3361,0.8220299535021729
3362,0.3159064208602025
3363,0.48230204981409563
3364,0.7974577040910202
3365,0.42942518625646287
3366,0.737096338567371
3367,0.7763909106001509
3368,0.16572673942669602
3369,0.900713873009957
3370,0.7671758878961182
3371,0.863961847892892
3372,0.8965796345913524
3373,0.5809163526299236
3374,0.6841100846993462
3375,0.40926714539604736
3376,0.8426788686358202
3377,0.8300440995715228
3378,0.6125713875131934
3379,0.5777747831105454
3380,0.294850963099899
3381,0.18896814874234868
3382,0.838300196369855
3383,0.8267218101318985
3384,0.8495716331675868
3385,0.7860453248503393
3386,0.6778899290975534
3387,0.2511329847392034
3388,0.6397532422712642
3389,0.6665876829086895
3390,0.4116351710768752
3391,0.6256859900582902
3392,0.7912510607589095
3393,0.8792195783976827
3394,0.18564724334230132
3395,0.5819520407902481
3396,0.5812066203959834
3397,0.73785211724531
3398,0.5775414456384865
3399,0.2864247389440244
3400,0.26854543587752955
3401,0.31697333181139986
3402,0.7709528778284928
3403,1.0
3404,0.8289021354673975
3405,0.7664948030101908
3406,0.7053727595497795
3407,0.39965441021081327
3408,0.7918762528986537
3409,0.23670992008040936
3410,0.8052842247226379
3411,0.7746908676762866
3412,0.6382578763086052
3413,0.6426484916295432
3414,0.5608095625195837
3415,0.6980994507408746
3416,0.2845578479910804
3417,0.6644096078904895
3418,0.654426957626942
3419,0.883045457942102
3420,0.32605756119963714
3421,0.936845971556732
3422,0.3495395493941388
3423,0.22636690378659075
3424,0.3405175690932416
3425,0.8725363252580092
3426,0.25943434013842315
3427,0.7034483489228919
3428,0.5732473111992782
3429,0.6732283105875223
3430,0.3893176593103651
3431,0.5581957908419002
3432,0.7529324068131076
3433,0.5904981184587315
3434,0.5250836092640708
3435,0.7196416560911987
3436,0.39360191056163873
3437,0.43668414047012605
3438,0.25166888507305907
3439,0.6686526746029728
3440,0.33113042027288697
3441,0.604330004903921
3442,0.9060561386816073
3443,0.893001304141351
3444,0.23845966208434066
3445,0.13367589347246855
3446,0.22398876581965288
3447,0.7291797035645893
3448,0.6228861599604123
3449,0.21021875404846224
3450,0.8257334716192763
3451,0.7420788973278244
3452,0.7273373402932527
3453,0.3588247290900617
3454,0.3443866870354293
3455,0.6786978930681062
3456,0.6859679984968641
3457,0.5533137828918692
3458,0.67514601708134
3459,0.8700547650279888
3460,0.2688018693912497
3461,0.7258958860457863
3462,0.18086321228571722
3463,0.3350446410795326
3464,0.36266252405927846
3465,0.4874918732001271
3466,0.7210459697742491
3467,0.7450311536804098
3468,0.5910555536269331
3469,0.43534805487588113
3470,0.5957612547760234
3471,0.46197392833089723
3472,0.6277662343530813
3473,0.9519387930257414
3474,0.594505527498543
3475,0.2679966443450257
3476,0.25549033082314376
3477,0.18535896655040207
3478,0.4260680815442288
3479,0.4197684964525923
3480,0.8501841206703316
3481,0.7563695214427288
3482,0.5086385654366549
3483,0.6940005462020049
3484,0.6911757353169974
3485,0.760119987802909
3486,0.846130695749562
3487,0.7849823065102123
3488,0.7602521314712541
3489,0.30493963679747216
3490,0.5272476521279524
3491,0.777669472270227
3492,0.8276630232160114
3493,0.4702642155159582
3494,0.576661218380899
3495,0.7553993335228252
3496,0.6957678985403574
3497,0.3964910608122476
3498,0.7231378321731358
3499,0.5620160094510456
3500,0.8028361155584427
3501,0.6204503041476921
3502,0.4864023334930774
3503,0.7683275302861645
3504,0.48677344170549275
3505,0.4481513026789047
3506,0.8870685309451158
3507,0.8211839794481405
3508,0.2764499911035778
3509,0.5353718220848126
3510,0.8746958870517438
3511,0.8056304979826214
3512,0.26171553151718085
3513,0.2594683112884011
3514,0.8903524658267972
3515,0.2374737272343287
3516,0.9303234979901868
3517,0.6503762503327138
3518,0.731044299558545
3519,0.29274058092316535
3520,0.6224161865922678
3521,0.6525330683376438
3522,0.8290541693022528
3523,0.8542271063679503
3524,0.6792939572064969
3525,0.8416191765657378
3526,0.8592167411049526
3527,0.4790165509559354
3528,0.3584514000796204
3529,0.5177238348113967
3530,0.7758013349383142
3531,0.7413048124018452
3532,0.10824134092631943
3533,0.5713941627909044
3534,0.5436849336313062
3535,0.2548616033266077
3536,0.8562544009850995
3537,0.8023591670277002
3538,0.7188716830920485
3539,0.5423108344322646
3540,0.5980821007118485
3541,0.4267708275990344
3542,0.9105843517325498
3543,0.8573053153026287
3544,0.943024163881623
3545,0.8673966964621834
3546,0.781047874342195
3547,0.6724375659398663
3548,0.7611234303678395
3549,0.6650623268572353
3550,0.900249943419964
3551,0.4421895254629752
3552,0.9522177412838536
3553,0.6069412777731992
3554,0.3894313025172075
3555,0.3590297825115152
3556,0.7804228496612452
3557,0.3560314219959837
3558,0.33270061470223444
3559,0.6316863865280034
3560,0.6199339142850153
3561,0.4899644169345926
3562,0.4516815084653889
3563,0.683251909856033
3564,0.7825215068525393
3565,0.24305213550070592
3566,0.8292061802458328
3567,0.757773420601641
3568,0.8591624864537621
3569,0.33363720849197653
3570,0.756250793445665
3571,0.7296174954256514
3572,0.8326002667554098
3573,0.543507631633131
3574,0.7289403072559354
3575,0.05418769989667116
3576,0.8589798492122946
3577,0.8136107531385873
3578,0.25700696177621585
3579,0.31523907477228363
3580,0.2199139434692292
3581,0.7284624860693276
3582,0.5648267687008357
3583,0.8965200676148247
3584,0.08454976876450371
3585,0.4067442137560081
3586,0.5876727809387543
3587,0.7995383202138814
3588,0.5914021220135678
3589,0.8411739339220959
3590,0.7214917970462056
3591,0.8071901318091502
3592,0.7673127842294843
3593,0.7494147881773958
3594,0.7561700744366895
3595,0.16864163944366273
3596,0.5489933838390928
3597,0.38032980241330805
3598,0.4444892639713207
3599,0.33593051808998986
3600,0.8182551172730718
3601,0.8136369711766678
3602,0.6329412875638257
3603,0.7427835074118826
3604,0.3133709334221779
3605,0.705556651388455
3606,0.41335929608770194
3607,0.8628024545207793
3608,0.25280713904540963
3609,0.8304433731765205
3610,0.4173019241076923
3611,0.8495171610423432
3612,0.8281005659755866
3613,0.33741961575367774
3614,0.720547514603519
3615,0.39405294044507944
3616,0.7693500634818333
3617,0.7047206388264254
3618,0.5744832507370671
3619,0.7155534823747535
3620,0.6759765136896714
3621,0.7583086630639229
3622,0.8408564753127681
3623,0.5780333714132805
3624,0.933578025929539
3625,0.18856842793232453
3626,0.7615510503824847
3627,0.7996529302272388
3628,0.8945133742250988
3629,0.4286690337124084
3630,0.29892788652641844
3631,0.29215271267287557
3632,0.430541546010765
3633,0.6913192377288131
3634,0.17426587613153321
3635,0.7713919878623511
3636,0.9016046545359572
3637,0.2859799446213004
3638,0.5142129847437955
3639,0.7698378693168638
3640,0.9465624560726527
3641,0.7885863216126091
3642,0.5137080649172606
3643,0.630594730704694
3644,0.5691131358833403
3645,0.6687356225324539
3646,0.8464865737356964
3647,0.2596980626377139
3648,0.6957736075188456
3649,0.26595119039231596
3650,0.20069071528407
3651,0.598372655821572
3652,0.8239281751658594
3653,0.3078721648903726
3654,0.8543204284389435
3655,0.6622072164221485
3656,0.7685748701639877
3657,0.6918767112543528
3658,0.6048618011686628
3659,0.6660414224283223
3660,0.6309963835351571
3661,0.37257669547048256
3662,0.2013343005204904
3663,0.20523920501370985
3664,0.5779456547242615
3665,0.6942733206968565
3666,0.8571095050583659
3667,0.44425309967307713
3668,0.676593848596723
3669,0.334014796840131
3670,0.8793348071331317
3671,0.5603496126646115
3672,0.7345251509489695
3673,0.9229427797058867
3674,0.8610363443561552
3675,0.7530624331302653
3676,0.7389684652630766
3677,0.4192061993755598
3678,0.6452790643747918
3679,0.23084062105425707
3680,0.9049245069278902
3681,0.4149188342963228
3682,0.4151066741141868
3683,0.279163355228883
3684,0.17839227416239078
3685,0.6293645206057967
3686,0.8006190821054475
3687,0.19528415450909264
3688,0.34348674257984935
3689,0.2657247459267681
3690,0.5985530189429986
3691,0.37110674561290513
3692,0.8112452430246773
3693,0.7905867980534815
3694,0.8239802012789057
3695,0.5532117372660281
3696,0.7108685628343913
3697,0.8028361155584427
3698,0.5851487147359737
3699,0.5406268358422754
3700,0.5518847346079547
3701,0.8981924614274589
3702,0.357169277809537
3703,0.8888344647952243
3704,0.6683562185693444
3705,0.2656763587055171
3706,0.7966386257897007
3707,0.8654643755637778
3708,0.7673973863820719
3709,0.5587001364383245
3710,0.834907697276113
3711,0.8498652981982007
3712,0.2923260567131072
3713,0.11942556408299287
3714,0.177665435516154
3715,0.6698552747547314
3716,0.566737448938966
3717,0.5549835310796212
3718,0.7377328205303463
3719,0.5631822956608357
3720,0.6454556026698117
3721,0.27362817153041186
3722,0.2749013907998008
3723,0.2773655838604676
3724,0.9231719108566109
3725,0.7714676993821631
3726,0.5685229832687332
3727,0.7271979216825754
3728,0.6827624469757652
3729,0.2733992525654412
3730,0.391526294011465
3731,0.6364646095897133
3732,0.8706969544205739
3733,0.8249645397878634
3734,0.5389678739577023
3735,0.5199728869599135
3736,0.3440190533820233
3737,0.8580809442306285
3738,0.935129961607013
3739,0.5946822951462908
3740,0.06546056639002829
3741,0.3842824331559973
3742,0.1413419525993448
3743,0.8253652435420855
3744,0.8863805939505045
3745,0.4495731641393139
3746,0.7159969603507702
3747,0.7607618427378712
3748,0.5906060105790388
3749,0.6196923234443517
3750,0.2828400475220545
3751,0.5113225862059573
3752,0.2902515654258335
3753,0.863443557461936
3754,0.8488411367711342
3755,0.815547039880266
3756,0.7220172127457032
3757,0.44306043798552697
3758,0.7735801969055012
3759,0.8512168744012855
3760,0.3930347482516885
3761,0.3633259188393231
3762,0.8445885720636911
3763,0.8008478659476125
3764,0.4719744906124711
3765,0.8509198084889195
3766,0.7614027540891375
3767,0.43705092924820843
3768,0.7114560047712777
3769,0.8952518612141016
3770,0.37332554798532525
3771,0.44119957710026014
3772,0.630117997248584
3773,0.7435570495874174
3774,0.807817861569704
3775,0.7822030661925228
3776,0.774992417045093
3777,0.16222663503404655
3778,0.21367300897512664
3779,0.6623242758119389
3780,0.53028069819212
3781,0.5866572579008626
3782,0.2948009633637724
3783,0.5124362957264891
3784,0.34586821565723813
3785,0.7894038587098041
3786,0.47404718100174437
3787,0.7292789326552002
3788,0.8968876217172344
3789,0.5284650784228337
3790,0.7138806891385584
3791,0.3656293470783658
3792,0.8641163939210006
3793,0.7820231122743092
3794,0.7623083867441405
3795,0.847244873209954
3796,0.5798706257918513
3797,0.5529727746807268
3798,0.7229211196697324
3799,0.7964740879465253
3800,0.7865312225812365
3801,0.6269473992168476
3802,0.5550132239577821
3803,0.35150743957131025
3804,0.5748315669728045
3805,0.598012085819732
3806,0.7694281173075592
3807,0.3789016111779464
3808,0.7970850528668194
3809,0.4725632531873042
3810,0.3998334414505331
3811,0.5479783057764464
3812,0.8786594700648839
3813,0.9388492805766504
3814,0.7918623817905136
3815,0.8870706598454345
3816,0.6098809177508363
3817,0.7827729178762037
3818,0.11386436927148458
3819,0.8009931168396502
3820,0.8911346905091242
3821,0.9396708386215548
3822,0.47475522559431305
3823,0.6671140575848998
3824,0.4971670603562707
3825,0.5393819331812466
3826,0.48996603005527595
3827,0.9580442090408416
3828,0.6687781444019895
3829,0.2880591891613764
3830,0.31989512130166786
3831,0.7396850666136777
3832,0.24287045518703831
3833,0.7639164581125515
3834,0.8454114115894221
3835,0.6747561329046986
3836,0.5815035497209271
3837,0.31262334243594103
3838,0.578507050137241
3839,0.8473246916324998
3840,0.13228844362735592
3841,0.2261609185151876
3842,0.21524486265351517
3843,0.6484435957755139
3844,0.26345686082077524
3845,0.4716177768407481
3846,0.9062711934649565
3847,0.918237999961825
3848,0.7952300377610021
3849,0.3217515827932844
3850,0.45502914455673127
3851,0.7365732273493648
3852,0.58813315627274
3853,0.6089645188950285
3854,0.2404623985534946
3855,0.8140963631194201
3856,0.7089858431705953
3857,0.44434071365896066
3858,0.8989973058618496
3859,0.9298364546654801
3860,0.7552144938777104
3861,0.8142132956346428
3862,0.7650573590416138
3863,0.48681172506588977
3864,0.6889622988853322
3865,0.7243848021148452
3866,0.7233354302889521
3867,0.24381286860164597
3868,0.8282295842711404
3869,0.7999004976827387
3870,0.7926571085525669
3871,0.8354119848496869
3872,0.8263678962327458
3873,0.4119602585802389
3874,0.779978080265339
3875,0.6532252450675081
3876,0.24845526281737995
3877,0.4087336171458197
3878,0.9326397627052427
3879,0.8597270035574772
3880,0.5849076512610903
3881,0.667944506560859
3882,0.8915152675676921
3883,0.7580780425233172
3884,0.5751850520707076
3885,0.5588608031800518
3886,0.7524895920131929
3887,0.26994372014040746
3888,0.5859187995676265
3889,0.33174851184405574
3890,0.7794315680201301
3891,0.9479222337394824
3892,0.5777579811192141
3893,0.5485894882225998
3894,0.6019419258030849
3895,0.6395292912464026
3896,0.2802731004812261
3897,0.9098520909445796
3898,0.44112804127747585
3899,0.421389749202848
3900,0.41036639410440623
3901,0.7776083143718483
3902,0.6404701844808172
3903,0.7635066167860632
3904,0.4329666682534903
3905,0.8730379795229892
3906,0.7430018197473109
3907,0.3820680997294159
3908,0.911368136092072
3909,0.677051364051769
3910,0.5937704203577009
3911,0.8345889227206299
3912,0.8325046455087438
3913,0.5359705452590258
3914,0.6594931145474738
3915,0.7842346617238064
3916,0.6008408997118841
3917,0.6259429574303372
3918,0.38945899387141214
3919,0.7249978867096554
3920,0.186665041706496
3921,0.906078370676132
3922,0.6543700685246429
3923,0.4769158148066961
3924,0.7442163489750999
3925,0.1065909565746922
3926,0.5069980795438428
3927,0.8722006726006961
3928,0.48562937917135884
3929,0.5261737738471536
3930,0.473253534872347
3931,0.8766217690122858
3932,0.4309570707524537
3933,0.6518210725169716
3934,0.7530999850916276
3935,0.5670715926260064
3936,0.46762161779295885
3937,0.953817386496243
3938,0.8061781877107967
3939,0.9017209603026735
3940,0.8656920042156105
3941,0.4249464818135942
3942,0.430914645696726
3943,0.4574238367594954
3944,0.7434866199891487
3945,0.7561455417241287
3946,0.6761928056581921
3947,0.565557057702783
3948,0.6650111065679899
3949,0.6977983288370763
3950,0.8554239928562497
3951,0.4370135803117112
3952,0.11412172690465427
3953,0.6274238346443517
3954,0.385758975852057
3955,0.20190203736250179
3956,0.3721263070529197
3957,0.40408308410371396
3958,0.6098888399565129
3959,0.4373409146673991
3960,0.6895796594381952
3961,0.28368556593372585
3962,0.43976683269448635
3963,0.6135093171244922
3964,0.730102530251957
3965,0.40303925114031447
3966,0.7313394744509762
3967,0.9111388319047077
3968,0.8016917065434228
3969,0.8442874432034212
3970,0.4886619772344184
3971,0.1769023838500685
3972,0.2232968188999357
3973,0.48148842707648154
3974,0.740218660271107
3975,0.3896791820951002
3976,0.21314098471685528
3977,0.6449747437274974
3978,0.689130514745893
3979,0.686290069428402
3980,0.44899245972820845
3981,0.3112780677308564
3982,0.7931020190598349
3983,0.6761141375325964
3984,0.6203205344481879
3985,0.6596282493211236
3986,0.729513874461077
3987,0.3649482278770795
3988,0.6436101376160084
3989,0.7667510821718948
3990,0.9204025195951847
3991,0.3175580950086603
3992,0.2030049793891775
3993,0.6510777333812414
3994,0.3674508890838568
3995,0.47110984376571663
3996,0.8356633546179275
3997,0.7743736904873864
3998,0.6921306889031105
3999,0.7124019426839437
4000,0.7234805897641114
4001,0.139117833942769
4002,0.16733701603612394
4003,0.6203166377372861
4004,0.4037499507742326
4005,0.7336013805551008
4006,0.2208230376522604
4007,0.22482611698049437
4008,0.5821528660026807
4009,0.5368589693482839
4010,0.4272140566842766
4011,0.9080979115791279
4012,0.20975864842496905
4013,0.5890599222046748
4014,0.4100957208394095
4015,0.37293282660033344
4016,0.4392686640715847
4017,0.5971638574828805
4018,0.7205066058140478
4019,0.25149137788823483
4020,0.5334530384416248
4021,0.3156872468589891
4022,0.4096850162227488
